gene_name,plate_well_ID,Target_terminus,Ensembl_ID,input
ARF5,P0010_A08,C,ENST00000000233,"ENST00000000233,C"
DBNDD1,P0011_G09,C,ENST00000002501,"ENST00000002501,C"
BAIAP2L1,P0010_B06,N,ENST00000005260,"ENST00000005260,N"
CD9,P0001_C11,N,ENST00000009180,"ENST00000009180,N"
RANBP9,P0016_G06,C,ENST00000011619,"ENST00000011619,C"
VDAC3,P0005_H04,C,ENST00000022615,"ENST00000022615,C"
VAMP3,P0005_H01,N,ENST00000054666,"ENST00000054666,N"
CDC27,P0007_E08,N,ENST00000066544,"ENST00000066544,N"
EPN1,P0008_F05,N,ENST00000085079,"ENST00000085079,N"
PSMC4,P0006_C06,N,ENST00000157812,"ENST00000157812,N"
KIF22,P0017_B06,C,ENST00000160827,"ENST00000160827,C"
NFKB2,P0019_B03,N,ENST00000189444,"ENST00000189444,N"
ACTN1,P0019_C01,C,ENST00000193403,"ENST00000193403,C"
HSPB11,P0005_E03,N,ENST00000194214,"ENST00000194214,N"
RBM22,P0017_G02,C,ENST00000199814,"ENST00000199814,C"
LAMP2,P0003_E02,C,ENST00000200639,"ENST00000200639,C"
SPG21,P0021_H02,N,ENST00000204566,"ENST00000204566,N"
PSME1,P0006_D05,N,ENST00000206451,"ENST00000206451,N"
NANS,P0011_A07,N,ENST00000210444,"ENST00000210444,N"
RPS18,P0019_F04,N,ENST00000211372,"ENST00000211372,N"
BAG6,P0005_A09,C,ENST00000211379,"ENST00000211379,C"
VCL,P0009_F08,N,ENST00000211998,"ENST00000211998,N"
MIF,P0011_F05,C,ENST00000215754,"ENST00000215754,C"
SF3A1,P0017_D06,C,ENST00000215793,"ENST00000215793,C"
LGALS1,P0011_A09,N,ENST00000215909,"ENST00000215909,N"
ANKRD54,P0015_G08,N,ENST00000215941,"ENST00000215941,N"
CENPM,P0003_H04,C,ENST00000215980,"ENST00000215980,C"
RTCB,P0016_B01,N,ENST00000216038,"ENST00000216038,N"
MYH9,P0011_A12,C,ENST00000216181,"ENST00000216181,C"
HSP90AA1,P0005_D05,N,ENST00000216281,"ENST00000216281,N"
SUPT16H,P0012_C05,C,ENST00000216297,"ENST00000216297,C"
ATP6V1D,P0018_E10,C,ENST00000216442,"ENST00000216442,C"
PSMA3,P0006_B03,C,ENST00000216455,"ENST00000216455,C"
AHSA1,P0005_A03,N,ENST00000216479,"ENST00000216479,N"
SPTLC2,P0004_B11,C,ENST00000216484,"ENST00000216484,C"
SRP54,P0012_G07,C,ENST00000216774,"ENST00000216774,C"
EMC9,P0021_B04,N,ENST00000216799,"ENST00000216799,N"
RABGGTA,P0001_G12,N,ENST00000216840,"ENST00000216840,N"
CSNK2A1,P0003_B03,C,ENST00000217244,"ENST00000217244,C"
AHCY,P0019_G05,N,ENST00000217426,"ENST00000217426,N"
MYL12A,P0017_C10,N,ENST00000217652,"ENST00000217652,N"
PSMD10,P0006_C04,C,ENST00000217958,"ENST00000217958,C"
PGRMC1,P0019_D12,C,ENST00000217971,"ENST00000217971,C"
ARL2BP,P0008_D04,C,ENST00000219204,"ENST00000219204,C"
POLR2C,P0010_E02,C,ENST00000219252,"ENST00000219252,C"
PSMD7,P0006_C02,C,ENST00000219313,"ENST00000219313,C"
SLC7A6,P0015_F06,C,ENST00000219343,"ENST00000219343,C"
USP10,P0016_B09,C,ENST00000219473,"ENST00000219473,C"
CDIPT,P0004_G05,C,ENST00000219789,"ENST00000219789,C"
CSK,P0011_H05,N,ENST00000220003,"ENST00000220003,N"
DNAJC17,P0005_C02,N,ENST00000220496,"ENST00000220496,N"
VPS18,P0021_G08,N,ENST00000220509,"ENST00000220509,N"
AGO2,P0013_H09,N,ENST00000220592,"ENST00000220592,N"
EIF3E,P0019_A05,C,ENST00000220849,"ENST00000220849,C"
EMC2,P0021_A12,C,ENST00000220853,"ENST00000220853,C"
PPP2CB,P0007_D03,C,ENST00000221138,"ENST00000221138,C"
HNRNPL,P0012_A11,N,ENST00000221419,"ENST00000221419,N"
RNASEH2A,P0011_B03,N,ENST00000221486,"ENST00000221486,N"
SF3A2,P0017_D07,C,ENST00000221494,"ENST00000221494,C"
FBL,P0003_B06,C,ENST00000221801,"ENST00000221801,C"
POLR2I,P0010_E08,C,ENST00000221859,"ENST00000221859,C"
CDC37,P0005_A10,N,ENST00000222005,"ENST00000222005,N"
RABAC1,P0001_G07,N,ENST00000222008,"ENST00000222008,N"
RAB3D,P0001_F09,N,ENST00000222120,"ENST00000222120,N"
PIK3R2,P0006_F04,N,ENST00000222254,"ENST00000222254,N"
TMEM147,P0021_B07,C,ENST00000222284,"ENST00000222284,C"
GSK3A,P0013_F02,C,ENST00000222330,"ENST00000222330,C"
TWISTNB,P0003_A06,C,ENST00000222567,"ENST00000222567,C"
SNX8,P0007_H01,N,ENST00000222990,"ENST00000222990,N"
WASL,P0016_H09,N,ENST00000223023,"ENST00000223023,N"
PSMA2,P0006_B07,C,ENST00000223321,"ENST00000223321,C"
SEC61B,P0001_H07,N,ENST00000223641,"ENST00000223641,N"
EDF1,P0019_E11,C,ENST00000224073,"ENST00000224073,C"
NUFIP2,P0016_B08,C,ENST00000225388,"ENST00000225388,C"
RPL19,P0019_E05,C,ENST00000225430,"ENST00000225430,C"
CBX1,P0012_G03,N,ENST00000225603,"ENST00000225603,N"
PFN1,P0009_F05,N,ENST00000225655,"ENST00000225655,N"
CCDC47,P0022_G11,C,ENST00000225726,"ENST00000225726,C"
MED31,P0007_F11,N,ENST00000225728,"ENST00000225728,N"
DDX5,P0011_E12,N,ENST00000225792,"ENST00000225792,N"
NFKB1,P0019_B02,N,ENST00000226574,"ENST00000226574,N"
GAR1,P0012_D09,C,ENST00000226796,"ENST00000226796,C"
HSPA8,P0005_E01,N,ENST00000227378,"ENST00000227378,N"
CCDC86,P0011_G08,C,ENST00000227520,"ENST00000227520,C"
PRPF19,P0019_G08,N,ENST00000227524,"ENST00000227524,N"
POLR3B,P0010_F02,N,ENST00000228347,"ENST00000228347,N"
MVK,P0004_A04,C,ENST00000228510,"ENST00000228510,C"
ARPC3,P0008_D12,N,ENST00000228825,"ENST00000228825,N"
CHPT1,P0004_G06,N,ENST00000229266,"ENST00000229266,N"
C12orf57,P0021_H04,N,ENST00000229281,"ENST00000229281,N"
GOLT1B,P0018_F04,C,ENST00000229314,"ENST00000229314,C"
RAB35,P0001_F08,N,ENST00000229340,"ENST00000229340,N"
MAPK14,P0013_G11,C,ENST00000229794,"ENST00000229794,C"
SNX3,P0010_C08,N,ENST00000230085,"ENST00000230085,N"
BYSL,P0012_E08,N,ENST00000230340,"ENST00000230340,N"
TBP,P0003_A08,N,ENST00000230354,"ENST00000230354,N"
PTK7,P0014_D04,C,ENST00000230419,"ENST00000230419,C"
EIF2AK2,P0010_H06,N,ENST00000233057,"ENST00000233057,N"
MDH1,P0019_F03,C,ENST00000233114,"ENST00000233114,C"
NCK2,P0016_C12,N,ENST00000233154,"ENST00000233154,N"
SF3B6,P0017_E02,C,ENST00000233468,"ENST00000233468,C"
SNX17,P0010_D07,N,ENST00000233575,"ENST00000233575,N"
REEP6,P0016_C04,N,ENST00000233596,"ENST00000233596,N"
PASK,P0014_B05,N,ENST00000234040,"ENST00000234040,N"
GORASP2,P0016_D04,C,ENST00000234160,"ENST00000234160,C"
ENO1,P0011_A03,N,ENST00000234590,"ENST00000234590,N"
CDC7,P0013_B10,C,ENST00000234626,"ENST00000234626,C"
SARS,P0019_F01,C,ENST00000234677,"ENST00000234677,C"
EBNA1BP2,P0012_C07,N,ENST00000236051,"ENST00000236051,N"
MED28,P0007_F07,C,ENST00000237380,"ENST00000237380,C"
MYL12B,P0009_E11,C,ENST00000237500,"ENST00000237500,C"
RPN2,P0007_A08,C,ENST00000237530,"ENST00000237530,C"
YWHAQ,P0008_A06,C,ENST00000238081,"ENST00000238081,C"
NEK9,P0014_B01,C,ENST00000238616,"ENST00000238616,C"
TARDBP,P0003_H09,N,ENST00000240185,"ENST00000240185,N"
COIL,P0003_C05,N,ENST00000240316,"ENST00000240316,N"
SLC35B1,P0015_C05,C,ENST00000240333,"ENST00000240333,C"
NCAPH,P0021_D08,N,ENST00000240423,"ENST00000240423,N"
DYNLL1,P0017_A09,N,ENST00000242577,"ENST00000242577,N"
PKN1,P0014_C01,N,ENST00000242783,"ENST00000242783,N"
SNRPA,P0017_E03,C,ENST00000243563,"ENST00000243563,C"
ACTR5,P0021_E04,C,ENST00000243903,"ENST00000243903,C"
MPHOSPH10,P0012_H08,N,ENST00000244230,"ENST00000244230,N"
RRP36,P0018_B10,N,ENST00000244496,"ENST00000244496,N"
SNRPC,P0017_E07,C,ENST00000244520,"ENST00000244520,C"
EMC3,P0018_F03,C,ENST00000245046,"ENST00000245046,C"
MBOAT7,P0004_F08,C,ENST00000245615,"ENST00000245615,C"
VASP,P0009_E12,C,ENST00000245932,"ENST00000245932,C"
NCLN,P0022_G12,C,ENST00000246117,"ENST00000246117,C"
ARL2,P0008_C06,C,ENST00000246747,"ENST00000246747,C"
NOP53,P0012_C06,C,ENST00000246802,"ENST00000246802,C"
SBDS,P0012_D10,N,ENST00000246868,"ENST00000246868,N"
ATG14,P0021_D03,N,ENST00000247178,"ENST00000247178,N"
EIF3K,P0011_D06,C,ENST00000248342,"ENST00000248342,C"
AAMP,P0012_B12,C,ENST00000248450,"ENST00000248450,C"
HSPB1,P0005_E02,C,ENST00000248553,"ENST00000248553,C"
SEM1,P0006_A04,C,ENST00000248566,"ENST00000248566,C"
YWHAH,P0008_A05,C,ENST00000248975,"ENST00000248975,C"
ATP6V1F,P0018_E12,N,ENST00000249289,"ENST00000249289,N"
FXR2,P0016_B05,N,ENST00000250113,"ENST00000250113,N"
DAD1,P0007_A10,N,ENST00000250498,"ENST00000250498,N"
MKNK2,P0014_A09,N,ENST00000250896,"ENST00000250896,N"
LMAN1,P0003_G12,C,ENST00000251047,"ENST00000251047,C"
TUBG1,P0010_G03,N,ENST00000251413,"ENST00000251413,N"
RPS16,P0011_E08,N,ENST00000251453,"ENST00000251453,N"
RABGAP1L,P0001_G11,N,ENST00000251507,"ENST00000251507,N"
SNX4,P0010_C09,N,ENST00000251775,"ENST00000251775,N"
RAF1,P0014_D05,C,ENST00000251849,"ENST00000251849,C"
MED17,P0007_F02,C,ENST00000251871,"ENST00000251871,C"
ACTN4,P0019_C03,C,ENST00000252699,"ENST00000252699,C"
ATXN10,P0018_G11,N,ENST00000252934,"ENST00000252934,N"
CEP85,P0007_B06,N,ENST00000252992,"ENST00000252992,N"
UBE2M,P0018_B08,N,ENST00000253023,"ENST00000253023,N"
TRIM28,P0014_G06,N,ENST00000253024,"ENST00000253024,N"
EIF2S3,P0019_F02,C,ENST00000253039,"ENST00000253039,C"
EIF3G,P0019_F12,N,ENST00000253108,"ENST00000253108,N"
NOL11,P0012_C12,N,ENST00000253247,"ENST00000253247,N"
EMC8,P0021_B03,N,ENST00000253457,"ENST00000253457,N"
RBSN,P0008_H09,N,ENST00000253699,"ENST00000253699,N"
RPL27,P0003_C02,C,ENST00000253788,"ENST00000253788,C"
DnaJB1,P0005_B02,N,ENST00000254322,"ENST00000254322,N"
SMARCC1,P0018_H03,C,ENST00000254480,"ENST00000254480,C"
MYBBP1A,P0003_F09,N,ENST00000254718,"ENST00000254718,N"
WBP2,P0011_G05,C,ENST00000254806,"ENST00000254806,C"
TERF2,P0019_D09,N,ENST00000254942,"ENST00000254942,N"
VPS4A,P0007_G12,C,ENST00000254950,"ENST00000254950,C"
DPH2,P0018_D02,N,ENST00000255108,"ENST00000255108,N"
XPO4,P0016_G11,N,ENST00000255305,"ENST00000255305,N"
MED10,P0007_E11,C,ENST00000255764,"ENST00000255764,C"
PI4KA,P0006_F03,N,ENST00000255882,"ENST00000255882,N"
IPO8,P0016_E12,N,ENST00000256079,"ENST00000256079,N"
ERG28,P0001_A05,C,ENST00000256319,"ENST00000256319,C"
CCNB1,P0003_H07,C,ENST00000256442,"ENST00000256442,C"
CAMK1,P0013_B05,C,ENST00000256460,"ENST00000256460,C"
VHL,P0007_G11,N,ENST00000256474,"ENST00000256474,N"
EMC7,P0021_B02,C,ENST00000256545,"ENST00000256545,C"
CEP135,P0007_C02,C,ENST00000257287,"ENST00000257287,C"
CD63,P0001_C09,N,ENST00000257857,"ENST00000257857,N"
CDK4,P0013_C05,C,ENST00000257904,"ENST00000257904,C"
CCT7,P0007_C12,C,ENST00000258091,"ENST00000258091,C"
DYNC1LI2,P0017_A06,N,ENST00000258198,"ENST00000258198,N"
TGFBRAP1,P0021_A10,C,ENST00000258449,"ENST00000258449,C"
APPL2,P0010_B12,N,ENST00000258530,"ENST00000258530,N"
CKAP2,P0016_A06,N,ENST00000258607,"ENST00000258607,N"
MED4,P0007_G01,N,ENST00000258648,"ENST00000258648,N"
IGF2BP3,P0016_B07,N,ENST00000258729,"ENST00000258729,N"
DDX56,P0012_D02,C,ENST00000258772,"ENST00000258772,C"
PSMB7,P0006_A08,C,ENST00000259457,"ENST00000259457,C"
FNBP1L,P0010_B02,N,ENST00000260506,"ENST00000260506,N"
DYNC2LI1,P0017_A08,N,ENST00000260605,"ENST00000260605,N"
ACTR2,P0008_D09,C,ENST00000260641,"ENST00000260641,C"
KIF11,P0017_A11,C,ENST00000260731,"ENST00000260731,C"
ARL3,P0008_C07,C,ENST00000260746,"ENST00000260746,C"
DNAJC13,P0005_B12,C,ENST00000260818,"ENST00000260818,C"
SSB,P0012_B03,N,ENST00000260956,"ENST00000260956,N"
WDR12,P0012_D12,N,ENST00000261015,"ENST00000261015,N"
ATP2B1,P0003_D01,N,ENST00000261173,"ENST00000261173,N"
LMNB1,P0003_E05,N,ENST00000261366,"ENST00000261366,N"
CORO1C,P0008_E12,C,ENST00000261401,"ENST00000261401,C"
PSMA6,P0006_B05,C,ENST00000261479,"ENST00000261479,C"
USP22,P0019_H06,N,ENST00000261497,"ENST00000261497,N"
SLC7A5,P0015_F05,C,ENST00000261622,"ENST00000261622,C"
ARL1,P0008_B11,C,ENST00000261636,"ENST00000261636,C"
KPNA3,P0016_F04,C,ENST00000261667,"ENST00000261667,C"
UTP6,P0012_D11,N,ENST00000261708,"ENST00000261708,N"
TAOK1,P0014_G01,N,ENST00000261716,"ENST00000261716,N"
ANKRD13A,P0015_H04,N,ENST00000261739,"ENST00000261739,N"
RBM19,P0017_G01,C,ENST00000261741,"ENST00000261741,C"
RAB11A,P0001_E03,N,ENST00000261890,"ENST00000261890,N"
PTGES3,P0005_G01,N,ENST00000262033,"ENST00000262033,N"
PIK3C3,P0006_H02,C,ENST00000262039,"ENST00000262039,C"
SLC11A2,P0015_A02,C,ENST00000262052,"ENST00000262052,C"
NUP153,P0006_H09,N,ENST00000262077,"ENST00000262077,N"
LPCAT2,P0004_F04,N,ENST00000262134,"ENST00000262134,N"
RHEB,P0001_H04,N,ENST00000262187,"ENST00000262187,N"
PSMB1,P0006_A05,C,ENST00000262193,"ENST00000262193,C"
TMED2,P0003_F08,C,ENST00000262225,"ENST00000262225,C"
YY1,P0012_F01,N,ENST00000262238,"ENST00000262238,N"
VMP1,P0021_G05,N,ENST00000262291,"ENST00000262291,N"
PKMYT1,P0010_H08,N,ENST00000262300,"ENST00000262300,N"
CSNK2A2,P0003_B04,C,ENST00000262506,"ENST00000262506,C"
SPTLC1,P0001_H09,C,ENST00000262554,"ENST00000262554,C"
SLC9A3R1,P0015_F07,C,ENST00000262613,"ENST00000262613,C"
RBM42,P0017_H01,N,ENST00000262633,"ENST00000262633,N"
UPF1,P0017_D05,C,ENST00000262803,"ENST00000262803,C"
COPE,P0003_F11,C,ENST00000262812,"ENST00000262812,C"
MARK4,P0014_A04,N,ENST00000262891,"ENST00000262891,N"
MAP2K2,P0013_F12,C,ENST00000262948,"ENST00000262948,C"
CSE1L,P0016_E06,C,ENST00000262982,"ENST00000262982,C"
MAPK3,P0013_G12,C,ENST00000263025,"ENST00000263025,C"
PLD2,P0006_H04,N,ENST00000263088,"ENST00000263088,N"
CNN2,P0016_D10,N,ENST00000263097,"ENST00000263097,N"
MED15,P0007_F08,C,ENST00000263205,"ENST00000263205,C"
ARFGAP3,P0010_A11,C,ENST00000263245,"ENST00000263245,C"
PACSIN2,P0008_G08,N,ENST00000263246,"ENST00000263246,N"
AP2S1,P0019_E12,C,ENST00000263270,"ENST00000263270,C"
POLR1B,P0003_A02,N,ENST00000263331,"ENST00000263331,N"
TCF25,P0021_D12,N,ENST00000263346,"ENST00000263346,N"
BLVRB,P0011_A05,C,ENST00000263368,"ENST00000263368,C"
BRD4,P0013_B03,N,ENST00000263377,"ENST00000263377,N"
CD81,P0001_C10,N,ENST00000263645,"ENST00000263645,N"
SNRNP40,P0017_F01,C,ENST00000263694,"ENST00000263694,C"
DNAJC8,P0005_D01,N,ENST00000263697,"ENST00000263697,N"
OSBP,P0001_D11,N,ENST00000263847,"ENST00000263847,N"
CHMP3,P0005_F07,C,ENST00000263856,"ENST00000263856,C"
POLR1A,P0003_A01,C,ENST00000263857,"ENST00000263857,C"
RND3,P0009_C10,N,ENST00000263895,"ENST00000263895,N"
TAF12,P0003_B01,C,ENST00000263974,"ENST00000263974,C"
CTCF,P0019_D02,C,ENST00000264010,"ENST00000264010,C"
SC5D,P0004_B08,C,ENST00000264027,"ENST00000264027,C"
MCOLN1,P0018_F08,N,ENST00000264079,"ENST00000264079,N"
CAPZB,P0009_F07,N,ENST00000264202,"ENST00000264202,N"
GSK3B,P0013_F03,C,ENST00000264235,"ENST00000264235,C"
PDCL3,P0011_B11,N,ENST00000264254,"ENST00000264254,N"
NOP58,P0003_B07,C,ENST00000264279,"ENST00000264279,C"
PIKFYVE,P0006_H07,N,ENST00000264380,"ENST00000264380,N"
PSMD3,P0006_C01,N,ENST00000264639,"ENST00000264639,N"
ATP6V0A1,P0018_E03,N,ENST00000264649,"ENST00000264649,N"
CAD,P0011_F04,N,ENST00000264705,"ENST00000264705,N"
RAB10,P0001_E02,N,ENST00000264710,"ENST00000264710,N"
PLPP1,P0004_F10,C,ENST00000264775,"ENST00000264775,C"
SEPTIN11,P0010_G11,C,ENST00000264893,"ENST00000264893,C"
PDCD6,P0011_F02,N,ENST00000264933,"ENST00000264933,N"
CEP72,P0007_B11,N,ENST00000264935,"ENST00000264935,N"
DEPDC1B,P0009_A09,N,ENST00000265036,"ENST00000265036,N"
RAB7A,P0001_G04,N,ENST00000265062,"ENST00000265062,N"
SLC1A3,P0015_A09,C,ENST00000265113,"ENST00000265113,C"
CASP6,P0019_B09,C,ENST00000265164,"ENST00000265164,C"
MED20,P0007_F04,C,ENST00000265350,"ENST00000265350,C"
XPO5,P0016_G12,N,ENST00000265351,"ENST00000265351,N"
TNPO3,P0016_G10,N,ENST00000265388,"ENST00000265388,N"
WWP1,P0005_F01,N,ENST00000265428,"ENST00000265428,N"
BLVRA,P0013_A12,N,ENST00000265523,"ENST00000265523,N"
BUD23,P0012_C09,N,ENST00000265758,"ENST00000265758,N"
GET4,P0018_B06,C,ENST00000265857,"ENST00000265857,C"
PIK3C2A,P0006_F06,N,ENST00000265970,"ENST00000265970,N"
RBM6,P0017_H04,N,ENST00000266022,"ENST00000266022,N"
CPSF6,P0011_B07,N,ENST00000266679,"ENST00000266679,N"
SLC6A15,P0015_F03,C,ENST00000266682,"ENST00000266682,C"
SNRPF,P0017_E11,N,ENST00000266735,"ENST00000266735,N"
NEDD1,P0005_E07,C,ENST00000266742,"ENST00000266742,C"
SLC15A4,P0015_G02,C,ENST00000266771,"ENST00000266771,C"
CDK2,P0013_C04,C,ENST00000266970,"ENST00000266970,C"
SMARCC2,P0018_H04,C,ENST00000267064,"ENST00000267064,C"
ANKRD52,P0015_G11,N,ENST00000267116,"ENST00000267116,N"
VPS33A,P0021_G09,N,ENST00000267199,"ENST00000267199,N"
ANKRD10,P0015_G04,N,ENST00000267339,"ENST00000267339,N"
EMC4,P0021_B01,N,ENST00000267750,"ENST00000267750,N"
SRP14,P0018_A05,N,ENST00000267884,"ENST00000267884,N"
COMMD4,P0007_H08,C,ENST00000267935,"ENST00000267935,C"
IGF1R,P0003_D04,C,ENST00000268035,"ENST00000268035,C"
SCAMP2,P0005_G08,C,ENST00000268099,"ENST00000268099,C"
MAP1LC3B,P0004_H08,N,ENST00000268607,"ENST00000268607,N"
MED9,P0007_G05,N,ENST00000268711,"ENST00000268711,N"
CDH2,P0003_C12,C,ENST00000269141,"ENST00000269141,C"
IMPA2,P0006_H03,N,ENST00000269159,"ENST00000269159,N"
MYH10,P0017_C09,N,ENST00000269243,"ENST00000269243,N"
EIF4A3,P0019_G04,N,ENST00000269349,"ENST00000269349,N"
CEP131,P0007_B08,N,ENST00000269392,"ENST00000269392,N"
SH3GL1,P0010_B09,C,ENST00000269886,"ENST00000269886,C"
SCYL1,P0014_E07,N,ENST00000270176,"ENST00000270176,N"
SAE1,P0019_G09,N,ENST00000270225,"ENST00000270225,N"
PSMB6,P0006_A12,C,ENST00000270586,"ENST00000270586,C"
RPS11,P0003_C03,N,ENST00000270625,"ENST00000270625,N"
PSMA5,P0006_B12,C,ENST00000271308,"ENST00000271308,C"
NUF2,P0021_E06,C,ENST00000271452,"ENST00000271452,C"
SF3B4,P0017_D12,N,ENST00000271628,"ENST00000271628,N"
ARF1,P0010_A05,C,ENST00000272102,"ENST00000272102,C"
LBR,P0016_D08,C,ENST00000272163,"ENST00000272163,C"
ARL8A,P0008_C11,C,ENST00000272217,"ENST00000272217,C"
RHOB,P0009_C07,N,ENST00000272233,"ENST00000272233,N"
CALM2,P0008_E04,C,ENST00000272298,"ENST00000272298,C"
POLR2D,P0010_E03,C,ENST00000272645,"ENST00000272645,C"
RAB5A,P0001_G01,N,ENST00000273047,"ENST00000273047,N"
DYNC1LI1,P0017_A05,N,ENST00000273130,"ENST00000273130,N"
ARL6IP5,P0008_D06,N,ENST00000273258,"ENST00000273258,N"
RABL3,P0001_H03,N,ENST00000273375,"ENST00000273375,N"
ATP6V1A,P0018_E08,C,ENST00000273398,"ENST00000273398,C"
NAF1,P0012_H04,C,ENST00000274054,"ENST00000274054,C"
YIPF5,P0003_E09,N,ENST00000274496,"ENST00000274496,N"
NHP2,P0012_A09,C,ENST00000274606,"ENST00000274606,C"
SLC18B1,P0015_A07,C,ENST00000275227,"ENST00000275227,C"
CCT6A,P0007_C11,N,ENST00000275603,"ENST00000275603,N"
NOM1,P0012_H07,C,ENST00000275820,"ENST00000275820,C"
NONO,P0017_H07,N,ENST00000276079,"ENST00000276079,N"
DOCK11,P0009_E01,N,ENST00000276202,"ENST00000276202,N"
ATP6V1B2,P0018_E09,C,ENST00000276390,"ENST00000276390,C"
BIN3,P0010_B08,C,ENST00000276416,"ENST00000276416,C"
TERF1,P0019_D08,N,ENST00000276603,"ENST00000276603,N"
FAM120A,P0016_B03,N,ENST00000277165,"ENST00000277165,N"
SSRP1,P0012_B02,N,ENST00000278412,"ENST00000278412,N"
ATM,P0013_A07,N,ENST00000278616,"ENST00000278616,N"
CEP164,P0007_B12,N,ENST00000278935,"ENST00000278935,N"
LSM14B,P0019_A04,N,ENST00000279068,"ENST00000279068,N"
SEC24D,P0003_F01,C,ENST00000280551,"ENST00000280551,C"
ARL14EP,P0008_D03,C,ENST00000282032,"ENST00000282032,C"
GJA1,P0010_G04,C,ENST00000282561,"ENST00000282561,C"
GGPS1,P0004_A09,C,ENST00000282841,"ENST00000282841,C"
MED21,P0007_E09,C,ENST00000282892,"ENST00000282892,C"
SRP19,P0018_A06,N,ENST00000282999,"ENST00000282999,N"
RIOK2,P0014_D07,N,ENST00000283109,"ENST00000283109,N"
CETN3,P0007_C06,N,ENST00000283122,"ENST00000283122,N"
SMARCA5,P0011_G03,C,ENST00000283131,"ENST00000283131,C"
RANBP2,P0007_H05,C,ENST00000283195,"ENST00000283195,C"
ATG3,P0021_C07,C,ENST00000283290,"ENST00000283290,C"
LPCAT1,P0004_F03,N,ENST00000283415,"ENST00000283415,N"
ANKRD40,P0015_G09,N,ENST00000285243,"ENST00000285243,N"
NIFK,P0010_G01,N,ENST00000285814,"ENST00000285814,N"
CCT8,P0007_D01,N,ENST00000286788,"ENST00000286788,N"
TIAM1,P0009_C05,N,ENST00000286827,"ENST00000286827,N"
BAG4,P0005_A07,C,ENST00000287322,"ENST00000287322,C"
BUB1B,P0007_E06,C,ENST00000287598,"ENST00000287598,C"
GATAD1,P0018_B01,N,ENST00000287957,"ENST00000287957,N"
MYO1E,P0008_G03,N,ENST00000288235,"ENST00000288235,N"
APPL1,P0008_D08,N,ENST00000288266,"ENST00000288266,N"
NCOA1,P0011_E04,N,ENST00000288599,"ENST00000288599,N"
NCK1,P0008_G04,C,ENST00000288986,"ENST00000288986,C"
ARHGAP17,P0009_D02,C,ENST00000289968,"ENST00000289968,C"
CFAP298,P0001_B08,N,ENST00000290155,"ENST00000290155,N"
IGF2BP1,P0016_B06,N,ENST00000290341,"ENST00000290341,N"
PSMB4,P0006_A03,C,ENST00000290541,"ENST00000290541,C"
ATP6V0D1,P0018_E05,C,ENST00000290949,"ENST00000290949,C"
PRKD2,P0014_C11,N,ENST00000291281,"ENST00000291281,N"
CALM3,P0008_E05,C,ENST00000291295,"ENST00000291295,C"
FAM207A,P0022_E08,N,ENST00000291634,"ENST00000291634,N"
MED27,P0007_G04,N,ENST00000292035,"ENST00000292035,N"
POLR2J,P0010_E09,C,ENST00000292614,"ENST00000292614,C"
PSMC2,P0006_B10,N,ENST00000292644,"ENST00000292644,N"
ALDH16A1,P0011_D12,N,ENST00000293350,"ENST00000293350,N"
LEMD2,P0016_C06,C,ENST00000293760,"ENST00000293760,C"
MED11,P0007_G02,N,ENST00000293777,"ENST00000293777,N"
EIF4A1,P0019_F07,N,ENST00000293831,"ENST00000293831,N"
NXF1,P0016_F10,C,ENST00000294172,"ENST00000294172,C"
C1orf123,P0001_B06,N,ENST00000294360,"ENST00000294360,N"
NUP35,P0005_H08,C,ENST00000295119,"ENST00000295119,C"
ATP1A1,P0003_C09,C,ENST00000295598,"ENST00000295598,C"
KRTCAP2,P0007_A03,C,ENST00000295682,"ENST00000295682,C"
CCT3,P0007_C08,N,ENST00000295688,"ENST00000295688,N"
STT3B,P0007_A06,N,ENST00000295770,"ENST00000295770,N"
PRKCI,P0014_C09,C,ENST00000295797,"ENST00000295797,C"
CDS1,P0004_G02,N,ENST00000295887,"ENST00000295887,N"
PSMD6,P0006_B11,N,ENST00000295901,"ENST00000295901,N"
GYG1,P0018_A03,N,ENST00000296048,"ENST00000296048,N"
KIAA1143,P0018_C02,N,ENST00000296121,"ENST00000296121,N"
OSBPL11,P0001_D12,N,ENST00000296220,"ENST00000296220,N"
RPN1,P0007_A07,C,ENST00000296255,"ENST00000296255,C"
H2AFZ,P0021_E09,C,ENST00000296417,"ENST00000296417,C"
PGRMC2,P0019_E02,C,ENST00000296425,"ENST00000296425,C"
ABCE1,P0011_D02,N,ENST00000296577,"ENST00000296577,N"
SEPTIN8,P0010_G12,C,ENST00000296873,"ENST00000296873,C"
NPM1,P0003_B08,C,ENST00000296930,"ENST00000296930,C"
RAD21,P0019_D01,C,ENST00000297338,"ENST00000297338,C"
PHAX,P0016_G01,C,ENST00000297540,"ENST00000297540,C"
MELK,P0014_A06,N,ENST00000298048,"ENST00000298048,N"
INPPL1,P0006_E10,N,ENST00000298229,"ENST00000298229,N"
NEMF,P0021_D11,N,ENST00000298310,"ENST00000298310,N"
ARF6,P0010_A09,C,ENST00000298316,"ENST00000298316,C"
STK32C,P0014_F06,N,ENST00000298630,"ENST00000298630,N"
WAPL,P0019_C10,C,ENST00000298767,"ENST00000298767,C"
PACSIN3,P0010_B03,N,ENST00000298838,"ENST00000298838,N"
VPS35,P0017_H02,C,ENST00000299138,"ENST00000299138,C"
HEATR3,P0011_C11,N,ENST00000299192,"ENST00000299192,N"
CCT2,P0007_C07,C,ENST00000299300,"ENST00000299300,C"
ILK,P0013_F07,C,ENST00000299421,"ENST00000299421,C"
HSP90B1,P0005_D07,N,ENST00000299767,"ENST00000299767,N"
PLK1,P0014_C04,N,ENST00000300093,"ENST00000300093,N"
SLC27A4,P0015_B02,C,ENST00000300456,"ENST00000300456,C"
STIM1,P0004_H01,C,ENST00000300737,"ENST00000300737,C"
MVD,P0004_A06,C,ENST00000301012,"ENST00000301012,C"
ANKRD11,P0015_G05,N,ENST00000301030,"ENST00000301030,N"
DAPK3,P0013_D10,N,ENST00000301264,"ENST00000301264,N"
TSR1,P0012_E06,C,ENST00000301364,"ENST00000301364,C"
DDB1,P0012_B10,N,ENST00000301764,"ENST00000301764,N"
POLR2G,P0010_E06,C,ENST00000301788,"ENST00000301788,C"
CTTN,P0008_F01,N,ENST00000301843,"ENST00000301843,N"
PBK,P0014_B06,N,ENST00000301905,"ENST00000301905,N"
DnaJC18,P0005_C03,N,ENST00000302060,"ENST00000302060,N"
UBB,P0004_F02,N,ENST00000302182,"ENST00000302182,N"
KIF5B,P0017_B12,C,ENST00000302418,"ENST00000302418,C"
CKAP2L,P0016_C09,N,ENST00000302450,"ENST00000302450,N"
SF3B3,P0017_D11,C,ENST00000302516,"ENST00000302516,C"
JUNB,P0018_F09,N,ENST00000302754,"ENST00000302754,N"
BUB1,P0013_B04,N,ENST00000302759,"ENST00000302759,N"
UBTF,P0003_A07,N,ENST00000302904,"ENST00000302904,N"
POLR1D,P0003_A04,N,ENST00000302979,"ENST00000302979,N"
RAB24,P0001_F01,N,ENST00000303251,"ENST00000303251,N"
BRD3,P0013_B02,N,ENST00000303407,"ENST00000303407,N"
ARF4,P0010_A07,C,ENST00000303436,"ENST00000303436,C"
TMED10,P0003_F07,C,ENST00000303575,"ENST00000303575,C"
TRAPPC1,P0008_A08,C,ENST00000303731,"ENST00000303731,C"
AGAP1,P0010_A02,N,ENST00000304032,"ENST00000304032,N"
ARL6IP1,P0005_H09,N,ENST00000304414,"ENST00000304414,N"
ELOVL5,P0004_D12,C,ENST00000304434,"ENST00000304434,C"
CDKN2A,P0012_B04,N,ENST00000304494,"ENST00000304494,N"
XPO6,P0016_H01,N,ENST00000304658,"ENST00000304658,N"
SRP9,P0012_A07,N,ENST00000304786,"ENST00000304786,N"
TMEM208,P0021_H06,N,ENST00000304800,"ENST00000304800,N"
HSPA4,P0005_D11,C,ENST00000304858,"ENST00000304858,C"
PRPF8,P0017_F02,C,ENST00000304992,"ENST00000304992,C"
STIP1,P0005_E06,N,ENST00000305218,"ENST00000305218,N"
HDAC3,P0016_A04,C,ENST00000305264,"ENST00000305264,C"
CD2BP2,P0018_C09,N,ENST00000305596,"ENST00000305596,N"
MMGT1,P0016_B10,C,ENST00000305963,"ENST00000305963,C"
MBOAT2,P0004_F07,C,ENST00000305997,"ENST00000305997,C"
ANKRD27,P0015_H07,C,ENST00000306065,"ENST00000306065,C"
ALCAM,P0003_D09,C,ENST00000306107,"ENST00000306107,C"
SNX7,P0010_C12,N,ENST00000306121,"ENST00000306121,N"
REEP4,P0016_C02,C,ENST00000306306,"ENST00000306306,C"
POLR3D,P0010_F04,C,ENST00000306433,"ENST00000306433,C"
TMEM192,P0004_H07,C,ENST00000306480,"ENST00000306480,C"
FASN,P0004_D08,C,ENST00000306749,"ENST00000306749,C"
RAC3,P0009_E06,N,ENST00000306897,"ENST00000306897,N"
MAP2K1,P0013_F11,C,ENST00000307102,"ENST00000307102,C"
PDCD6IP,P0005_F09,N,ENST00000307296,"ENST00000307296,N"
YWHAG,P0008_A04,C,ENST00000307630,"ENST00000307630,C"
SEC23A,P0003_E07,N,ENST00000307712,"ENST00000307712,N"
SRP68,P0012_D01,C,ENST00000307877,"ENST00000307877,C"
RPL4,P0019_E03,C,ENST00000307961,"ENST00000307961,C"
PTDSS2,P0004_G08,N,ENST00000308020,"ENST00000308020,N"
LEMD3,P0016_C07,C,ENST00000308330,"ENST00000308330,C"
SNUPN,P0016_G07,N,ENST00000308588,"ENST00000308588,N"
GRK2,P0013_E12,C,ENST00000308595,"ENST00000308595,C"
PRKACA,P0014_C07,N,ENST00000308677,"ENST00000308677,N"
PSMD1,P0006_C09,C,ENST00000308696,"ENST00000308696,C"
DHX37,P0012_G08,C,ENST00000308736,"ENST00000308736,C"
TAOK2,P0014_G02,N,ENST00000308893,"ENST00000308893,N"
C4orf32,P0022_E11,N,ENST00000309733,"ENST00000309733,N"
RBM4,P0017_G11,N,ENST00000310092,"ENST00000310092,N"
PSMD2,P0006_A11,C,ENST00000310118,"ENST00000310118,C"
RBM14,P0017_F08,N,ENST00000310137,"ENST00000310137,N"
PSMC5,P0006_B06,N,ENST00000310144,"ENST00000310144,N"
CASP2,P0019_B07,C,ENST00000310447,"ENST00000310447,C"
SLC5A6,P0015_F02,C,ENST00000310574,"ENST00000310574,C"
CDC20,P0007_E04,C,ENST00000310955,"ENST00000310955,C"
SPNS1,P0021_G02,N,ENST00000311008,"ENST00000311008,N"
SLC19A1,P0015_A08,C,ENST00000311124,"ENST00000311124,C"
RAB1B,P0001_E10,N,ENST00000311481,"ENST00000311481,N"
HMGA1,P0021_F05,C,ENST00000311487,"ENST00000311487,C"
OXSR1,P0014_B03,C,ENST00000311806,"ENST00000311806,C"
COMMD1,P0007_H06,C,ENST00000311832,"ENST00000311832,C"
KRAS,P0008_B07,N,ENST00000311936,"ENST00000311936,N"
ARHGAP1,P0009_C12,N,ENST00000311956,"ENST00000311956,N"
USP36,P0012_H01,N,ENST00000312010,"ENST00000312010,N"
CKAP5,P0016_C11,C,ENST00000312055,"ENST00000312055,C"
BANF1,P0016_C08,C,ENST00000312175,"ENST00000312175,C"
MED25,P0007_F09,C,ENST00000312865,"ENST00000312865,C"
INTS14,P0021_E03,C,ENST00000313182,"ENST00000313182,C"
TRPM7,P0018_G02,N,ENST00000313478,"ENST00000313478,N"
CSNK1D,P0013_D06,N,ENST00000314028,"ENST00000314028,N"
GAK,P0008_F09,C,ENST00000314167,"ENST00000314167,C"
PRKDC,P0014_D01,N,ENST00000314191,"ENST00000314191,N"
AGTRAP,P0005_G02,C,ENST00000314340,"ENST00000314340,C"
NEPRO,P0012_G06,C,ENST00000314400,"ENST00000314400,C"
UTP4,P0012_E05,C,ENST00000314423,"ENST00000314423,C"
YES1,P0014_H09,C,ENST00000314574,"ENST00000314574,C"
POLR2B,P0010_E01,N,ENST00000314595,"ENST00000314595,N"
WDR75,P0012_G04,C,ENST00000314761,"ENST00000314761,C"
COPG1,P0003_F12,C,ENST00000314797,"ENST00000314797,C"
HNRNPA0,P0011_H03,N,ENST00000314940,"ENST00000314940,N"
ANAPC4,P0007_D12,C,ENST00000315368,"ENST00000315368,C"
ARPC2,P0019_H07,N,ENST00000315717,"ENST00000315717,N"
WNK1,P0014_H07,N,ENST00000315939,"ENST00000315939,N"
SCAMP4,P0005_G09,C,ENST00000316097,"ENST00000316097,C"
UGDH,P0018_B07,N,ENST00000316423,"ENST00000316423,N"
CCZ1B,P0021_F08,N,ENST00000316731,"ENST00000316731,N"
VRK3,P0014_H05,N,ENST00000316763,"ENST00000316763,N"
GRB2,P0008_F10,N,ENST00000316804,"ENST00000316804,N"
DnaJA2,P0005_A12,N,ENST00000317089,"ENST00000317089,N"
TOLLIP,P0021_G03,N,ENST00000317204,"ENST00000317204,N"
RAB23,P0001_E12,N,ENST00000317483,"ENST00000317483,N"
RANBP10,P0016_G02,N,ENST00000317506,"ENST00000317506,N"
CERS5,P0004_C04,C,ENST00000317551,"ENST00000317551,C"
RTN4,P0001_H05,N,ENST00000317610,"ENST00000317610,N"
VPS39,P0021_G11,C,ENST00000318006,"ENST00000318006,C"
SCD5,P0004_E04,C,ENST00000319540,"ENST00000319540,C"
FARP1,P0009_B10,N,ENST00000319562,"ENST00000319562,N"
ARHGEF18,P0009_B01,N,ENST00000319670,"ENST00000319670,N"
RABGGTB,P0001_H01,N,ENST00000319942,"ENST00000319942,N"
RBMX,P0021_F02,N,ENST00000320676,"ENST00000320676,N"
RAB8B,P0001_G05,N,ENST00000321437,"ENST00000321437,N"
ULK1,P0014_H02,N,ENST00000321867,"ENST00000321867,N"
CD151,P0003_C11,C,ENST00000322008,"ENST00000322008,C"
BPNT1,P0006_F01,C,ENST00000322067,"ENST00000322067,C"
NOP2,P0011_B09,C,ENST00000322166,"ENST00000322166,C"
RPL10A,P0003_B12,N,ENST00000322203,"ENST00000322203,N"
SMC1A,P0012_A08,N,ENST00000322213,"ENST00000322213,N"
EEA1,P0008_G01,N,ENST00000322349,"ENST00000322349,N"
PRMT9,P0017_F04,N,ENST00000322396,"ENST00000322396,N"
SF3B2,P0017_D10,C,ENST00000322535,"ENST00000322535,C"
RuvBL1,P0019_D05,C,ENST00000322623,"ENST00000322623,C"
NCL,P0012_A04,N,ENST00000322723,"ENST00000322723,N"
ZYX,P0003_D10,C,ENST00000322764,"ENST00000322764,C"
TMEM63B,P0021_E05,C,ENST00000323267,"ENST00000323267,C"
ANKZF1,P0015_H06,N,ENST00000323348,"ENST00000323348,N"
WIPF2,P0008_H07,C,ENST00000323571,"ENST00000323571,C"
METAP2,P0019_G11,N,ENST00000323666,"ENST00000323666,N"
DEGS1,P0004_C05,C,ENST00000323699,"ENST00000323699,C"
GYS1,P0018_A02,N,ENST00000323798,"ENST00000323798,N"
ANAPC2,P0007_D11,N,ENST00000323927,"ENST00000323927,N"
TAF1D,P0003_A12,N,ENST00000323981,"ENST00000323981,N"
MED14,P0007_F10,N,ENST00000324817,"ENST00000324817,N"
ARID1A,P0018_G06,N,ENST00000324856,"ENST00000324856,N"
NUP98,P0019_C04,C,ENST00000324932,"ENST00000324932,C"
HMGCS1,P0004_A02,C,ENST00000325110,"ENST00000325110,C"
CHMP6,P0005_F08,C,ENST00000325167,"ENST00000325167,C"
IPO11,P0016_E07,N,ENST00000325324,"ENST00000325324,N"
KIAA0319L,P0003_D12,C,ENST00000325722,"ENST00000325722,C"
SLC37A3,P0015_D02,C,ENST00000326232,"ENST00000326232,C"
ARL6IP6,P0008_D07,N,ENST00000326446,"ENST00000326446,N"
ACAP2,P0010_C02,N,ENST00000326793,"ENST00000326793,N"
STK11,P0014_F01,N,ENST00000326873,"ENST00000326873,N"
PAK2,P0008_G10,N,ENST00000327134,"ENST00000327134,N"
RAB11B,P0001_E04,N,ENST00000328024,"ENST00000328024,N"
CHEK2,P0013_C09,N,ENST00000328354,"ENST00000328354,N"
NOP10,P0012_B08,C,ENST00000328848,"ENST00000328848,C"
RBM10,P0017_F05,C,ENST00000329236,"ENST00000329236,C"
EEF1G,P0019_F05,N,ENST00000329251,"ENST00000329251,N"
MRTO4,P0011_F09,N,ENST00000330263,"ENST00000330263,N"
ATP6V0A2,P0018_E04,N,ENST00000330342,"ENST00000330342,N"
PRKCD,P0014_C08,C,ENST00000330452,"ENST00000330452,C"
KPNA2,P0016_F03,C,ENST00000330459,"ENST00000330459,C"
INTS5,P0021_H09,C,ENST00000330574,"ENST00000330574,C"
ANKRD17,P0015_G06,N,ENST00000330838,"ENST00000330838,N"
DnaJA1,P0005_A11,N,ENST00000330899,"ENST00000330899,N"
C8orf33,P0001_C02,N,ENST00000331434,"ENST00000331434,N"
DRG1,P0018_C03,N,ENST00000331457,"ENST00000331457,N"
LIMK2,P0013_F10,N,ENST00000331728,"ENST00000331728,N"
ACTB,P0005_A02,N,ENST00000331789,"ENST00000331789,N"
RANBP1,P0007_H04,N,ENST00000331821,"ENST00000331821,N"
SRPRA,P0018_A08,N,ENST00000332118,"ENST00000332118,N"
VDAC2,P0005_H03,C,ENST00000332211,"ENST00000332211,C"
LAMP1,P0003_E01,C,ENST00000332556,"ENST00000332556,C"
XPOT,P0016_H03,N,ENST00000332707,"ENST00000332707,N"
PSMF1,P0006_B08,C,ENST00000333082,"ENST00000333082,C"
COPB2,P0003_G03,C,ENST00000333188,"ENST00000333188,C"
HOMER1,P0011_C09,N,ENST00000334082,"ENST00000334082,N"
POLR3C,P0010_F03,N,ENST00000334163,"ENST00000334163,N"
RPS6KA4,P0014_E02,N,ENST00000334205,"ENST00000334205,N"
KPNA4,P0016_F05,C,ENST00000334256,"ENST00000334256,C"
TRAPPC11,P0008_A11,C,ENST00000334690,"ENST00000334690,C"
PKM,P0011_A02,N,ENST00000335181,"ENST00000335181,N"
PIP5K1C,P0006_H01,N,ENST00000335312,"ENST00000335312,N"
SF3B1,P0017_D09,N,ENST00000335508,"ENST00000335508,N"
ANKRD46,P0015_H02,N,ENST00000335659,"ENST00000335659,N"
SLK,P0014_E09,C,ENST00000335753,"ENST00000335753,C"
CENPA,P0003_H02,N,ENST00000335756,"ENST00000335756,N"
BTF3,P0005_F04,N,ENST00000335895,"ENST00000335895,N"
NCKAP5L,P0016_A10,N,ENST00000335999,"ENST00000335999,N"
PNPLA2,P0021_D07,N,ENST00000336615,"ENST00000336615,N"
SEC23B,P0003_E08,N,ENST00000336714,"ENST00000336714,N"
ZCCHC7,P0017_H08,C,ENST00000336755,"ENST00000336755,C"
ATG101,P0021_C04,N,ENST00000336854,"ENST00000336854,N"
HIP1,P0008_F11,N,ENST00000336926,"ENST00000336926,N"
NECAP2,P0008_G07,N,ENST00000337132,"ENST00000337132,N"
EZR,P0003_C10,C,ENST00000337147,"ENST00000337147,C"
CLPTM1,P0019_E01,C,ENST00000337392,"ENST00000337392,C"
PRPF4B,P0014_D02,N,ENST00000337659,"ENST00000337659,N"
ECPAS,P0011_G04,N,ENST00000338205,"ENST00000338205,N"
SLC23A2,P0015_F09,C,ENST00000338244,"ENST00000338244,C"
PSPC1,P0011_F10,N,ENST00000338910,"ENST00000338910,N"
SEC24C,P0003_E12,C,ENST00000339365,"ENST00000339365,C"
RIOK3,P0014_D08,N,ENST00000339486,"ENST00000339486,N"
GLUL,P0012_A12,N,ENST00000339526,"ENST00000339526,N"
BAZ1B,P0013_A11,N,ENST00000339594,"ENST00000339594,N"
UBC,P0005_H06,N,ENST00000339647,"ENST00000339647,N"
NECAP1,P0008_G06,N,ENST00000339754,"ENST00000339754,N"
VRK2,P0014_H04,N,ENST00000340157,"ENST00000340157,N"
DYNC1I2,P0017_A04,C,ENST00000340296,"ENST00000340296,C"
ATXN2L,P0016_A12,C,ENST00000340394,"ENST00000340394,C"
VAPA,P0001_H11,N,ENST00000340541,"ENST00000340541,N"
CDK13,P0013_C02,C,ENST00000340829,"ENST00000340829,C"
H1F0,P0011_D07,C,ENST00000340857,"ENST00000340857,C"
CORO1B,P0008_E11,C,ENST00000341356,"ENST00000341356,C"
CAPRIN1,P0016_B02,N,ENST00000341394,"ENST00000341394,N"
CDK11B,P0013_B12,C,ENST00000341832,"ENST00000341832,C"
PDPK1,P0014_B08,C,ENST00000342085,"ENST00000342085,C"
MAP2K3,P0013_G01,C,ENST00000342679,"ENST00000342679,C"
PPM1G,P0019_H05,N,ENST00000344034,"ENST00000344034,N"
ZCCHC17,P0021_A08,N,ENST00000344147,"ENST00000344147,N"
AKT1S1,P0019_A10,N,ENST00000344175,"ENST00000344175,N"
KPNA1,P0016_F02,C,ENST00000344337,"ENST00000344337,C"
CDC42,P0008_E06,N,ENST00000344548,"ENST00000344548,N"
CLK3,P0013_D01,N,ENST00000345005,"ENST00000345005,N"
BCAP31,P0001_A03,C,ENST00000345046,"ENST00000345046,C"
CLTA,P0001_C12,N,ENST00000345519,"ENST00000345519,N"
CLTB,P0001_D01,N,ENST00000345807,"ENST00000345807,N"
CSNK1G3,P0013_D09,N,ENST00000345990,"ENST00000345990,N"
TLK2,P0014_G04,N,ENST00000346027,"ENST00000346027,N"
KLC4,P0017_C08,N,ENST00000347162,"ENST00000347162,N"
EPN2,P0008_F06,N,ENST00000347697,"ENST00000347697,N"
MAP4K4,P0008_G02,N,ENST00000347699,"ENST00000347699,N"
RBM5,P0017_H03,N,ENST00000347869,"ENST00000347869,N"
RAC1,P0009_E05,N,ENST00000348035,"ENST00000348035,N"
RPL35,P0003_B11,C,ENST00000348462,"ENST00000348462,C"
CKB,P0016_D12,N,ENST00000348956,"ENST00000348956,N"
WDR3,P0011_G02,N,ENST00000349139,"ENST00000349139,N"
PIP5K1A,P0006_E11,C,ENST00000349792,"ENST00000349792,C"
PDAP1,P0021_A04,N,ENST00000350498,"ENST00000350498,N"
LDHB,P0011_B10,C,ENST00000350669,"ENST00000350669,C"
SEC13,P0003_F03,C,ENST00000350697,"ENST00000350697,C"
RHOG,P0009_E09,N,ENST00000351018,"ENST00000351018,N"
NMD3,P0012_G05,N,ENST00000351193,"ENST00000351193,N"
SMN1,P0012_G11,N,ENST00000351205,"ENST00000351205,N"
CAMK2G,P0013_B06,C,ENST00000351293,"ENST00000351293,C"
AKR1A1,P0011_D11,C,ENST00000351829,"ENST00000351829,C"
PATZ1,P0011_A10,N,ENST00000351933,"ENST00000351933,N"
ACLY,P0007_A11,C,ENST00000352035,"ENST00000352035,C"
MTMR2,P0006_F05,C,ENST00000352297,"ENST00000352297,C"
CYB5R3,P0004_B05,C,ENST00000352397,"ENST00000352397,C"
ASS1,P0011_C03,C,ENST00000352480,"ENST00000352480,C"
POLR2K,P0010_E11,N,ENST00000353107,"ENST00000353107,N"
HNRNPD,P0021_E10,N,ENST00000353341,"ENST00000353341,N"
ARFIP1,P0010_C05,N,ENST00000353617,"ENST00000353617,N"
YWHAB,P0008_A02,C,ENST00000353703,"ENST00000353703,C"
DDX21,P0012_C01,N,ENST00000354185,"ENST00000354185,N"
IPO4,P0016_E09,N,ENST00000354464,"ENST00000354464,N"
AKAP12,P0011_C04,C,ENST00000354675,"ENST00000354675,C"
PES1,P0012_C04,N,ENST00000354694,"ENST00000354694,N"
ACAP3,P0010_C03,N,ENST00000354700,"ENST00000354700,N"
ALDH9A1,P0011_E02,N,ENST00000354775,"ENST00000354775,N"
PIP4K2C,P0006_G04,C,ENST00000354947,"ENST00000354947,C"
ATG7,P0021_C11,C,ENST00000354956,"ENST00000354956,C"
NET1,P0009_C02,N,ENST00000355029,"ENST00000355029,N"
BLM,P0012_C10,N,ENST00000355112,"ENST00000355112,N"
POLR3H,P0010_F09,C,ENST00000355209,"ENST00000355209,C"
SNU13,P0012_C03,C,ENST00000355257,"ENST00000355257,C"
MINK1,P0014_A07,N,ENST00000355280,"ENST00000355280,N"
MFSD12,P0021_F12,N,ENST00000355415,"ENST00000355415,N"
TRRAP,P0014_G08,N,ENST00000355540,"ENST00000355540,N"
STRN3,P0014_B07,C,ENST00000355683,"ENST00000355683,C"
COMMD6,P0007_H09,C,ENST00000355801,"ENST00000355801,C"
WWOX,P0008_H08,N,ENST00000355860,"ENST00000355860,N"
MYO9A,P0009_A11,N,ENST00000356056,"ENST00000356056,N"
PHLDB1,P0018_B11,N,ENST00000356063,"ENST00000356063,N"
PSMD12,P0006_C07,N,ENST00000356126,"ENST00000356126,N"
UVRAG,P0021_G04,N,ENST00000356136,"ENST00000356136,N"
RBM38,P0017_G09,C,ENST00000356208,"ENST00000356208,C"
CDC16,P0007_E03,C,ENST00000356221,"ENST00000356221,C"
G3BP1,P0005_F05,N,ENST00000356245,"ENST00000356245,N"
PAK1,P0008_G09,C,ENST00000356341,"ENST00000356341,C"
LSS,P0004_B01,C,ENST00000356396,"ENST00000356396,C"
ARHGEF12,P0009_A12,N,ENST00000356641,"ENST00000356641,N"
RAB18,P0001_E08,N,ENST00000356940,"ENST00000356940,N"
CALM1,P0004_H03,N,ENST00000356978,"ENST00000356978,N"
OCRL,P0006_F08,N,ENST00000357121,"ENST00000357121,N"
SFPQ,P0021_F01,N,ENST00000357214,"ENST00000357214,N"
SMARCA2,P0018_G09,C,ENST00000357248,"ENST00000357248,C"
FKBP5,P0011_A08,N,ENST00000357266,"ENST00000357266,N"
SMARCAL1,P0018_H01,N,ENST00000357276,"ENST00000357276,N"
RICTOR,P0019_A08,C,ENST00000357387,"ENST00000357387,C"
C7orf50,P0001_B10,N,ENST00000357429,"ENST00000357429,N"
POT1,P0019_D07,N,ENST00000357628,"ENST00000357628,N"
GOLGA7,P0003_C07,C,ENST00000357743,"ENST00000357743,C"
CHM,P0005_G04,N,ENST00000357749,"ENST00000357749,N"
G3BP2,P0005_F06,N,ENST00000357854,"ENST00000357854,N"
RNF40,P0019_G07,N,ENST00000357890,"ENST00000357890,N"
MAPKAPK3,P0013_H06,C,ENST00000357955,"ENST00000357955,C"
DDX47,P0012_E11,N,ENST00000358007,"ENST00000358007,N"
HMGN5,P0016_D06,C,ENST00000358130,"ENST00000358130,C"
PAK4,P0014_B04,N,ENST00000358301,"ENST00000358301,N"
TRIM33,P0014_G07,C,ENST00000358465,"ENST00000358465,C"
TMA16,P0012_F04,C,ENST00000358572,"ENST00000358572,C"
VCP,P0004_H10,N,ENST00000358901,"ENST00000358901,N"
RAB3GAP2,P0001_F10,N,ENST00000358951,"ENST00000358951,N"
SMARCAD1,P0018_G12,C,ENST00000359052,"ENST00000359052,C"
SNX11,P0010_D02,N,ENST00000359238,"ENST00000359238,N"
NUP214,P0019_C07,N,ENST00000359428,"ENST00000359428,N"
ATP6V1H,P0018_F02,N,ENST00000359530,"ENST00000359530,N"
CLASP2,P0016_A09,N,ENST00000359576,"ENST00000359576,N"
TRAPPC2,P0008_B01,N,ENST00000359680,"ENST00000359680,N"
DNM2,P0008_F04,C,ENST00000359692,"ENST00000359692,C"
ATG2B,P0021_D01,N,ENST00000359933,"ENST00000359933,N"
TFRC,P0003_D07,N,ENST00000360110,"ENST00000360110,N"
DYNC1H1,P0017_A03,C,ENST00000360184,"ENST00000360184,C"
MSN,P0003_D11,N,ENST00000360270,"ENST00000360270,N"
BAZ1A,P0013_A10,N,ENST00000360310,"ENST00000360310,N"
VPS29,P0019_D10,C,ENST00000360579,"ENST00000360579,C"
SQSTM1,P0005_E11,C,ENST00000360718,"ENST00000360718,C"
GTPBP4,P0012_D03,C,ENST00000360803,"ENST00000360803,C"
SCYL2,P0014_E08,N,ENST00000360820,"ENST00000360820,N"
DNAJC5,P0005_C10,N,ENST00000360864,"ENST00000360864,N"
EIF3B,P0019_G03,N,ENST00000360876,"ENST00000360876,N"
NCKAP1,P0008_G05,N,ENST00000360982,"ENST00000360982,N"
MYO1C,P0017_D03,N,ENST00000361007,"ENST00000361007,N"
RBM39,P0017_G10,N,ENST00000361162,"ENST00000361162,N"
CDC42BPB,P0013_B09,C,ENST00000361246,"ENST00000361246,C"
SPOUT1,P0012_G10,C,ENST00000361256,"ENST00000361256,C"
TOP1,P0011_F12,N,ENST00000361337,"ENST00000361337,N"
CTNNBL1,P0011_H09,C,ENST00000361383,"ENST00000361383,C"
HMGN2,P0021_E07,N,ENST00000361427,"ENST00000361427,N"
MTOR,P0001_D07,N,ENST00000361445,"ENST00000361445,N"
BECN1,P0021_D02,C,ENST00000361523,"ENST00000361523,C"
OSTC,P0007_A02,N,ENST00000361564,"ENST00000361564,N"
KIFAP3,P0017_C02,C,ENST00000361580,"ENST00000361580,C"
PSMB5,P0006_B01,C,ENST00000361611,"ENST00000361611,C"
ARHGAP11A/B,P0009_D01,N,ENST00000361627,"ENST00000361627,N"
INO80,P0018_G05,C,ENST00000361937,"ENST00000361937,C"
KIF1BP,P0017_B02,C,ENST00000361983,"ENST00000361983,C"
ITSN2,P0009_C01,N,ENST00000361999,"ENST00000361999,N"
CEP170,P0007_A12,C,ENST00000366542,"ENST00000366542,C"
RAB4A,P0005_G06,N,ENST00000366690,"ENST00000366690,N"
PARP1,P0003_H10,N,ENST00000366794,"ENST00000366794,N"
MAPKAPK2,P0013_H05,N,ENST00000367103,"ENST00000367103,N"
RAB29,P0001_F03,N,ENST00000367139,"ENST00000367139,N"
NUCKS1,P0021_F04,C,ENST00000367142,"ENST00000367142,C"
RABIF,P0001_H02,N,ENST00000367262,"ENST00000367262,N"
PLA2G4A,P0004_G10,C,ENST00000367466,"ENST00000367466,C"
TPR,P0019_C09,C,ENST00000367478,"ENST00000367478,C"
TRMT1L,P0021_H01,C,ENST00000367506,"ENST00000367506,C"
UTRN,P0009_F09,N,ENST00000367545,"ENST00000367545,N"
DHX9,P0012_B07,N,ENST00000367549,"ENST00000367549,N"
SF3B5,P0017_E01,C,ENST00000367569,"ENST00000367569,C"
LTV1,P0012_D06,C,ENST00000367576,"ENST00000367576,C"
PEX3,P0016_H06,C,ENST00000367591,"ENST00000367591,C"
CEP350,P0007_B10,N,ENST00000367607,"ENST00000367607,N"
UFC1,P0021_A05,N,ENST00000368003,"ENST00000368003,N"
COPA,P0003_F10,C,ENST00000368069,"ENST00000368069,C"
LMNA,P0003_E04,N,ENST00000368301,"ENST00000368301,N"
LAMTOR2,P0011_G01,N,ENST00000368305,"ENST00000368305,N"
CENPW,P0003_H03,N,ENST00000368328,"ENST00000368328,N"
CLK2,P0013_C12,N,ENST00000368361,"ENST00000368361,N"
PMVK,P0004_A05,N,ENST00000368467,"ENST00000368467,N"
RAB13,P0001_E06,N,ENST00000368575,"ENST00000368575,N"
HDAC2,P0016_A03,C,ENST00000368632,"ENST00000368632,C"
MKI67,P0010_F11,N,ENST00000368653,"ENST00000368653,N"
FYN,P0013_E11,C,ENST00000368678,"ENST00000368678,C"
S100A10,P0011_D08,C,ENST00000368809,"ENST00000368809,C"
SNX27,P0010_D09,N,ENST00000368843,"ENST00000368843,N"
SLC16A10,P0015_A05,C,ENST00000368851,"ENST00000368851,C"
PI4KB,P0006_E12,N,ENST00000368874,"ENST00000368874,N"
PSMD4,P0006_A09,C,ENST00000368884,"ENST00000368884,C"
HIST2H2BE,P0012_A10,C,ENST00000369155,"ENST00000369155,C"
HSPA12A,P0005_D08,N,ENST00000369209,"ENST00000369209,N"
RBM8A,P0017_H06,N,ENST00000369307,"ENST00000369307,N"
POLR3GL,P0010_F08,N,ENST00000369314,"ENST00000369314,N"
CASP7,P0019_B10,C,ENST00000369318,"ENST00000369318,C"
MAP3K7,P0013_G07,C,ENST00000369332,"ENST00000369332,C"
DKC1,P0012_B11,C,ENST00000369550,"ENST00000369550,C"
SLC16A1,P0015_A04,C,ENST00000369626,"ENST00000369626,C"
RHOC,P0009_C09,N,ENST00000369637,"ENST00000369637,N"
ATP6AP1,P0018_E01,C,ENST00000369762,"ENST00000369762,C"
PDCD11,P0012_F12,C,ENST00000369797,"ENST00000369797,C"
TTK,P0014_G09,N,ENST00000369798,"ENST00000369798,N"
IRAK1,P0013_F08,C,ENST00000369980,"ENST00000369980,C"
GBF1,P0010_B01,N,ENST00000369983,"ENST00000369983,N"
NPM3,P0003_B09,C,ENST00000370110,"ENST00000370110,C"
LZTS2,P0011_B04,N,ENST00000370223,"ENST00000370223,N"
NSDHL,P0004_B06,N,ENST00000370274,"ENST00000370274,N"
CETN2,P0007_C05,N,ENST00000370277,"ENST00000370277,N"
ARFGAP1,P0003_G11,C,ENST00000370283,"ENST00000370283,C"
RPL5,P0012_A02,C,ENST00000370321,"ENST00000370321,C"
SCD,P0004_E03,C,ENST00000370355,"ENST00000370355,C"
MTMR1,P0006_F02,N,ENST00000370390,"ENST00000370390,N"
CHUK,P0013_C10,C,ENST00000370397,"ENST00000370397,C"
CUTC,P0011_H07,N,ENST00000370476,"ENST00000370476,N"
PKN2,P0014_C02,N,ENST00000370521,"ENST00000370521,N"
PI4K2A,P0006_H06,C,ENST00000370631,"ENST00000370631,C"
DnaJB4,P0005_B06,N,ENST00000370763,"ENST00000370763,N"
ANKRD13C,P0015_H05,N,ENST00000370944,"ENST00000370944,N"
SMARCA1,P0018_G08,N,ENST00000371122,"ENST00000371122,N"
STAG2,P0019_C12,C,ENST00000371157,"ENST00000371157,C"
JUN,P0018_F07,N,ENST00000371222,"ENST00000371222,N"
DHCR24,P0004_B10,C,ENST00000371269,"ENST00000371269,C"
HSP90AB1,P0005_D06,N,ENST00000371646,"ENST00000371646,N"
AGPAT2,P0004_E10,C,ENST00000371696,"ENST00000371696,C"
INPP5E,P0006_G10,N,ENST00000371712,"ENST00000371712,N"
EPS15,P0008_F07,C,ENST00000371733,"ENST00000371733,C"
ARFGEF2,P0010_A12,N,ENST00000371917,"ENST00000371917,N"
MKNK1,P0014_A08,N,ENST00000371945,"ENST00000371945,N"
NXT2,P0016_F12,N,ENST00000372106,"ENST00000372106,N"
KIF2C,P0016_A07,N,ENST00000372224,"ENST00000372224,N"
ERI3,P0018_B05,C,ENST00000372257,"ENST00000372257,C"
IPO13,P0016_E08,C,ENST00000372343,"ENST00000372343,C"
POLR3A,P0010_F01,C,ENST00000372371,"ENST00000372371,C"
POLR1C,P0003_A03,N,ENST00000372389,"ENST00000372389,N"
C9orf78,P0011_C05,N,ENST00000372447,"ENST00000372447,N"
MED8,P0007_F01,C,ENST00000372457,"ENST00000372457,C"
ELOVL1,P0004_D09,C,ENST00000372458,"ENST00000372458,C"
RBM41,P0017_G12,N,ENST00000372479,"ENST00000372479,N"
SH3GLB2,P0010_B11,C,ENST00000372554,"ENST00000372554,C"
CTPS1,P0019_G12,N,ENST00000372621,"ENST00000372621,N"
DNTTIP1,P0011_H06,N,ENST00000372622,"ENST00000372622,N"
STK4,P0014_F08,N,ENST00000372806,"ENST00000372806,N"
PABPC4,P0019_G06,N,ENST00000372858,"ENST00000372858,N"
DnaJC9,P0005_D02,N,ENST00000372950,"ENST00000372950,N"
C9orf16,P0001_C06,N,ENST00000372994,"ENST00000372994,N"
SF3A3,P0017_D08,C,ENST00000373019,"ENST00000373019,C"
GNL2,P0012_D08,C,ENST00000373062,"ENST00000373062,C"
SGPL1,P0004_D05,C,ENST00000373202,"ENST00000373202,C"
AGO1,P0013_H08,N,ENST00000373204,"ENST00000373204,N"
PSMB2,P0006_C08,C,ENST00000373237,"ENST00000373237,C"
SAR1A,P0003_F05,C,ENST00000373242,"ENST00000373242,C"
CDK9,P0013_C08,C,ENST00000373264,"ENST00000373264,C"
SLC2A8,P0015_B08,C,ENST00000373371,"ENST00000373371,C"
RABEPK,P0001_G09,N,ENST00000373538,"ENST00000373538,N"
HDAC1,P0016_A02,C,ENST00000373548,"ENST00000373548,C"
EIF3I,P0019_A06,C,ENST00000373586,"ENST00000373586,C"
KPNA6,P0016_F07,C,ENST00000373625,"ENST00000373625,C"
RABGAP1,P0001_G10,N,ENST00000373647,"ENST00000373647,N"
PIN4,P0003_G01,C,ENST00000373669,"ENST00000373669,C"
REEP3,P0016_C01,C,ENST00000373758,"ENST00000373758,C"
TAF1,P0014_F12,N,ENST00000373790,"ENST00000373790,N"
RAB14,P0001_E07,N,ENST00000373840,"ENST00000373840,N"
MED18,P0007_F03,C,ENST00000373842,"ENST00000373842,C"
STX12,P0005_G12,N,ENST00000373943,"ENST00000373943,N"
ATP6V1G1,P0018_F01,N,ENST00000374050,"ENST00000374050,N"
RBM12,P0017_F06,N,ENST00000374104,"ENST00000374104,N"
RPS6KA1,P0014_D11,N,ENST00000374168,"ENST00000374168,N"
MAPK8,P0013_H03,N,ENST00000374179,"ENST00000374179,N"
CDC26,P0007_E05,C,ENST00000374206,"ENST00000374206,C"
SLC31A1,P0015_B11,C,ENST00000374212,"ENST00000374212,C"
SNX12,P0010_D03,N,ENST00000374274,"ENST00000374274,N"
ITPR3,P0004_H02,N,ENST00000374316,"ENST00000374316,N"
KIF4A,P0017_B11,C,ENST00000374403,"ENST00000374403,C"
BMS1,P0012_H09,C,ENST00000374518,"ENST00000374518,C"
KIFC1,P0017_C03,C,ENST00000374523,"ENST00000374523,C"
RPL11,P0012_A03,C,ENST00000374550,"ENST00000374550,C"
WDR46,P0012_E12,N,ENST00000374617,"ENST00000374617,N"
RING1,P0021_E02,C,ENST00000374656,"ENST00000374656,C"
TSR2,P0012_F10,N,ENST00000375151,"ENST00000375151,N"
EMC1,P0021_A11,C,ENST00000375208,"ENST00000375208,C"
SVIL,P0016_A11,N,ENST00000375400,"ENST00000375400,N"
MAPRE1,P0003_H05,N,ENST00000375571,"ENST00000375571,N"
HSPA1B,P0005_D10,N,ENST00000375650,"ENST00000375650,N"
KIF3B,P0017_B10,C,ENST00000375712,"ENST00000375712,C"
ARHGEF7,P0009_D12,N,ENST00000375736,"ENST00000375736,N"
CSNK2B,P0012_C02,N,ENST00000375882,"ENST00000375882,N"
CCDC22,P0007_H02,C,ENST00000376227,"ENST00000376227,C"
CCDC93,P0007_H03,C,ENST00000376300,"ENST00000376300,C"
STK24,P0014_F03,C,ENST00000376547,"ENST00000376547,C"
PIP4K2A,P0006_F12,C,ENST00000376573,"ENST00000376573,C"
RBM3,P0017_G06,C,ENST00000376759,"ENST00000376759,C"
EMC10,P0021_B05,C,ENST00000376918,"ENST00000376918,C"
ARAF,P0013_A06,N,ENST00000377045,"ENST00000377045,N"
KIF1B,P0017_B01,C,ENST00000377093,"ENST00000377093,C"
SYVN1,P0004_H09,C,ENST00000377190,"ENST00000377190,C"
TJP2,P0010_H05,N,ENST00000377245,"ENST00000377245,N"
ATG2A,P0021_C12,N,ENST00000377264,"ENST00000377264,N"
UBA1,P0019_E10,C,ENST00000377351,"ENST00000377351,C"
DNAJC11,P0005_B10,C,ENST00000377577,"ENST00000377577,C"
POLR3F,P0010_F06,N,ENST00000377603,"ENST00000377603,N"
SNX5,P0010_C10,N,ENST00000377768,"ENST00000377768,N"
POLR1E,P0003_A05,N,ENST00000377798,"ENST00000377798,N"
CSNK1A1,P0013_D05,N,ENST00000377843,"ENST00000377843,N"
SNRPB2,P0017_E06,C,ENST00000377943,"ENST00000377943,C"
CKAP4,P0016_C10,N,ENST00000378026,"ENST00000378026,N"
REEP2,P0016_B12,C,ENST00000378339,"ENST00000378339,C"
HSPA14,P0005_D09,N,ENST00000378372,"ENST00000378372,N"
SLC35B4,P0015_C07,C,ENST00000378509,"ENST00000378509,C"
GNB1,P0019_G10,N,ENST00000378609,"ENST00000378609,N"
ESD,P0011_C06,C,ENST00000378720,"ENST00000378720,C"
KIF3A,P0017_B09,C,ENST00000378746,"ENST00000378746,C"
ATL2,P0001_A01,N,ENST00000378954,"ENST00000378954,N"
TPT1,P0014_E03,C,ENST00000379056,"ENST00000379056,C"
PRKD3,P0014_C12,N,ENST00000379066,"ENST00000379066,N"
PCNA,P0003_H06,N,ENST00000379160,"ENST00000379160,N"
DnaJC2,P0005_C04,N,ENST00000379263,"ENST00000379263,N"
LDHA,P0011_B01,N,ENST00000379412,"ENST00000379412,N"
SNX2,P0010_C07,N,ENST00000379516,"ENST00000379516,N"
REEP5,P0016_C03,N,ENST00000379638,"ENST00000379638,N"
IPO7,P0016_E11,C,ENST00000379719,"ENST00000379719,C"
RIOK1,P0014_D06,N,ENST00000379834,"ENST00000379834,N"
NRBP1,P0014_B02,C,ENST00000379852,"ENST00000379852,C"
RBM17,P0017_F11,N,ENST00000379888,"ENST00000379888,N"
GDI2,P0004_H06,c,ENST00000380191,"ENST00000380191,c"
ZCCHC9,P0012_H05,N,ENST00000380199,"ENST00000380199,N"
FAM50B,P0018_D07,N,ENST00000380272,"ENST00000380272,N"
HSPH1,P0005_E05,C,ENST00000380405,"ENST00000380405,C"
VPS16,P0021_G07,C,ENST00000380445,"ENST00000380445,C"
SLC7A1,P0005_G10,N,ENST00000380752,"ENST00000380752,N"
PSMG1,P0006_B04,N,ENST00000380900,"ENST00000380900,N"
KIF2A,P0017_B08,C,ENST00000381103,"ENST00000381103,C"
GYG2,P0018_A04,N,ENST00000381163,"ENST00000381163,N"
SNRPB,P0017_E05,C,ENST00000381342,"ENST00000381342,C"
IDI1,P0004_A07,C,ENST00000381344,"ENST00000381344,C"
NOL10,P0012_H02,N,ENST00000381685,"ENST00000381685,N"
NUP155,P0019_C06,C,ENST00000381843,"ENST00000381843,C"
USP7,P0021_E01,C,ENST00000381886,"ENST00000381886,C"
CTBP1,P0016_D01,N,ENST00000382952,"ENST00000382952,N"
STAG1,P0019_C11,C,ENST00000383202,"ENST00000383202,C"
RALBP1,P0009_D08,N,ENST00000383432,"ENST00000383432,N"
KRT18,P0010_G07,N,ENST00000388837,"ENST00000388837,N"
STK38L,P0014_F07,N,ENST00000389032,"ENST00000389032,N"
DIAPH1,P0009_F01,C,ENST00000389054,"ENST00000389054,C"
SACM1L,P0005_H07,N,ENST00000389061,"ENST00000389061,N"
FANCA,P0021_A06,N,ENST00000389301,"ENST00000389301,N"
ARHGAP8,P0009_A06,N,ENST00000389774,"ENST00000389774,N"
SEPTIN2,P0010_G08,C,ENST00000391971,"ENST00000391971,C"
AKT2,P0013_A04,N,ENST00000392038,"ENST00000392038,N"
DnaJB2,P0005_B05,N,ENST00000392086,"ENST00000392086,N"
TMCO1,P0021_B06,C,ENST00000392129,"ENST00000392129,C"
SNX9,P0008_H02,N,ENST00000392185,"ENST00000392185,N"
FAM117B,P0022_F08,N,ENST00000392238,"ENST00000392238,N"
MYO1B,P0017_D02,N,ENST00000392318,"ENST00000392318,N"
RAN,P0011_E10,N,ENST00000392369,"ENST00000392369,N"
WASF1,P0008_H05,N,ENST00000392587,"ENST00000392587,N"
CERS6,P0011_G06,C,ENST00000392687,"ENST00000392687,C"
ECT2,P0009_B09,N,ENST00000392692,"ENST00000392692,N"
BIN1,P0008_E02,C,ENST00000393040,"ENST00000393040,C"
CLTC,P0001_D02,C,ENST00000393043,"ENST00000393043,C"
CALD1,P0011_C02,N,ENST00000393118,"ENST00000393118,N"
OSBPL8,P0001_E01,N,ENST00000393250,"ENST00000393250,N"
MAPK9,P0012_G01,N,ENST00000393360,"ENST00000393360,N"
TDP1,P0011_F07,N,ENST00000393454,"ENST00000393454,N"
ANKRD39,P0015_H09,N,ENST00000393537,"ENST00000393537,N"
FAM50A,P0019_H08,N,ENST00000393600,"ENST00000393600,N"
KEAP1,P0021_F11,C,ENST00000393623,"ENST00000393623,C"
SRPK2,P0014_E12,N,ENST00000393651,"ENST00000393651,N"
PSMC3IP,P0006_D04,N,ENST00000393795,"ENST00000393795,N"
ESYT1,P0001_D04,N,ENST00000394048,"ENST00000394048,N"
KLC2,P0017_C06,N,ENST00000394067,"ENST00000394067,N"
MED24,P0007_E10,C,ENST00000394128,"ENST00000394128,C"
ARL13B,P0008_C01,C,ENST00000394222,"ENST00000394222,C"
STK26,P0014_F05,N,ENST00000394334,"ENST00000394334,N"
KIF7,P0017_C01,C,ENST00000394412,"ENST00000394412,C"
UTP14A,P0012_F03,N,ENST00000394422,"ENST00000394422,N"
CCT4,P0007_C09,C,ENST00000394440,"ENST00000394440,C"
GTF2F1,P0013_F04,C,ENST00000394456,"ENST00000394456,C"
AKAP13,P0009_D09,C,ENST00000394518,"ENST00000394518,C"
ELOVL6,P0004_E01,C,ENST00000394607,"ENST00000394607,C"
SRI,P0011_E11,C,ENST00000394641,"ENST00000394641,C"
CDC23,P0007_D04,C,ENST00000394886,"ENST00000394886,C"
KIF20A,P0017_B04,C,ENST00000394894,"ENST00000394894,C"
SMARCD1,P0018_H05,N,ENST00000394963,"ENST00000394963,N"
VDAC1,P0005_H02,N,ENST00000395044,"ENST00000395044,N"
CDK1,P0003_H08,C,ENST00000395284,"ENST00000395284,C"
SEC31A,P0003_F02,N,ENST00000395310,"ENST00000395310,N"
VAPB,P0001_H12,N,ENST00000395802,"ENST00000395802,N"
YWHAZ,P0008_A07,N,ENST00000395958,"ENST00000395958,N"
VPS41,P0021_G10,C,ENST00000395969,"ENST00000395969,C"
DDX39B,P0019_F08,N,ENST00000396172,"ENST00000396172,N"
CTNNB1,P0010_H09,C,ENST00000396183,"ENST00000396183,C"
PSMA1,P0006_B09,C,ENST00000396394,"ENST00000396394,C"
ARHGAP21,P0009_A02,N,ENST00000396432,"ENST00000396432,N"
SLC30A5,P0015_B09,C,ENST00000396591,"ENST00000396591,C"
TMEM106B,P0022_D10,N,ENST00000396668,"ENST00000396668,N"
ATG9A,P0005_G03,C,ENST00000396761,"ENST00000396761,C"
CSNK1E,P0013_D07,N,ENST00000396832,"ENST00000396832,N"
GAPDH,P0011_B08,N,ENST00000396859,"ENST00000396859,N"
GPAT4,P0004_E09,C,ENST00000396987,"ENST00000396987,C"
PRKAA1,P0014_C06,N,ENST00000397128,"ENST00000397128,N"
AKAP8L,P0016_D11,C,ENST00000397410,"ENST00000397410,C"
CEP250,P0007_B03,C,ENST00000397527,"ENST00000397527,C"
RAB2B,P0001_F05,N,ENST00000397762,"ENST00000397762,N"
MAP2K7,P0013_G02,C,ENST00000397979,"ENST00000397979,C"
PIP4P1,P0006_F10,N,ENST00000398020,"ENST00000398020,N"
MAPK1,P0013_G09,C,ENST00000398822,"ENST00000398822,C"
ATL3,P0001_A02,N,ENST00000398868,"ENST00000398868,N"
SEPTIN7,P0010_G09,C,ENST00000399034,"ENST00000399034,C"
POLR3G,P0010_F07,N,ENST00000399107,"ENST00000399107,N"
RBM12B,P0017_F07,N,ENST00000399300,"ENST00000399300,N"
ITSN1,P0009_B12,N,ENST00000399352,"ENST00000399352,N"
ANKRD28,P0015_G12,N,ENST00000399451,"ENST00000399451,N"
ROCK1,P0014_D09,N,ENST00000399799,"ENST00000399799,N"
XPO1,P0012_B09,C,ENST00000401558,"ENST00000401558,C"
RPS14,P0003_C04,N,ENST00000401695,"ENST00000401695,N"
STK25,P0014_F04,N,ENST00000401869,"ENST00000401869,N"
RBM33,P0017_G07,N,ENST00000401878,"ENST00000401878,N"
SOS1,P0009_E02,N,ENST00000402219,"ENST00000402219,N"
EFTUD2,P0019_H01,N,ENST00000402521,"ENST00000402521,N"
SAR1B,P0003_F06,C,ENST00000402673,"ENST00000402673,C"
IMP3,P0012_D05,N,ENST00000403490,"ENST00000403490,N"
PSME4,P0006_D08,N,ENST00000404125,"ENST00000404125,N"
ARHGAP35,P0009_A04,N,ENST00000404338,"ENST00000404338,N"
PSMG3,P0006_C11,N,ENST00000404674,"ENST00000404674,N"
ATG4B,P0021_C08,N,ENST00000404914,"ENST00000404914,N"
RELA,P0019_B01,N,ENST00000406246,"ENST00000406246,N"
KDSR,P0004_B12,C,ENST00000406396,"ENST00000406396,C"
EWSR1,P0011_E09,N,ENST00000406548,"ENST00000406548,N"
ILF3,P0012_B01,N,ENST00000407004,"ENST00000407004,N"
RANGRF,P0018_C05,N,ENST00000407006,"ENST00000407006,N"
SLC44A2,P0015_E09,C,ENST00000407327,"ENST00000407327,C"
AKT1,P0009_F04,C,ENST00000407796,"ENST00000407796,C"
RBM34,P0017_G08,N,ENST00000408888,"ENST00000408888,N"
MARK2,P0014_A02,N,ENST00000408948,"ENST00000408948,N"
PTMA,P0014_E01,N,ENST00000409115,"ENST00000409115,N"
C19orf24,P0001_B01,C,ENST00000409293,"ENST00000409293,C"
FCHSD2,P0010_B04,C,ENST00000409418,"ENST00000409418,C"
RAB1A,P0001_E09,N,ENST00000409784,"ENST00000409784,N"
INPP4A,P0006_G03,N,ENST00000409851,"ENST00000409851,N"
CHN1,P0009_A07,N,ENST00000409900,"ENST00000409900,N"
PPP6R1,P0018_B12,N,ENST00000412770,"ENST00000412770,N"
RPP30,P0012_F07,C,ENST00000413330,"ENST00000413330,C"
PSMA4,P0006_A02,C,ENST00000413382,"ENST00000413382,C"
SLC4A2,P0015_E11,C,ENST00000413384,"ENST00000413384,C"
RBM28,P0012_E04,C,ENST00000415472,"ENST00000415472,C"
TRIM24,P0014_G05,N,ENST00000415680,"ENST00000415680,N"
TIA1,P0022_F10,N,ENST00000415783,"ENST00000415783,N"
RHOA,P0009_E07,N,ENST00000418115,"ENST00000418115,N"
GNL3,P0012_B05,C,ENST00000418458,"ENST00000418458,C"
SLC26A6,P0015_B01,C,ENST00000420764,"ENST00000420764,C"
FNBP1,P0008_F08,N,ENST00000420781,"ENST00000420781,N"
INPP5K,P0006_G08,N,ENST00000421807,"ENST00000421807,N"
ANXA11,P0012_F08,C,ENST00000422982,"ENST00000422982,C"
SEPTIN9,P0010_G10,C,ENST00000423034,"ENST00000423034,C"
TOP2A,P0003_B05,N,ENST00000423485,"ENST00000423485,N"
CEP78,P0007_B05,C,ENST00000424347,"ENST00000424347,C"
PXN,P0008_H01,C,ENST00000424649,"ENST00000424649,C"
PHKG2,P0014_B09,N,ENST00000424889,"ENST00000424889,N"
COPG2,P0003_G05,C,ENST00000425248,"ENST00000425248,C"
SLC2A1,P0015_B06,C,ENST00000426263,"ENST00000426263,C"
BAIAP2,P0010_B05,N,ENST00000428708,"ENST00000428708,N"
CHEK1,P0008_E10,N,ENST00000428830,"ENST00000428830,N"
DnaJB6,P0005_B08,N,ENST00000429029,"ENST00000429029,N"
MED6,P0007_E12,C,ENST00000430055,"ENST00000430055,C"
UBA52,P0012_A05,N,ENST00000430157,"ENST00000430157,N"
CDK12,P0013_C01,C,ENST00000430627,"ENST00000430627,C"
SEC14L1,P0004_A12,C,ENST00000430767,"ENST00000430767,C"
MED19,P0007_F12,N,ENST00000431606,"ENST00000431606,N"
HUS1,P0021_C02,C,ENST00000432325,"ENST00000432325,C"
SLC9A3R2,P0015_F08,C,ENST00000432365,"ENST00000432365,C"
SUPT5H,P0012_E01,N,ENST00000432763,"ENST00000432763,N"
HSPBP1,P0005_E04,C,ENST00000433386,"ENST00000433386,C"
SLC25A17,P0003_E06,C,ENST00000435456,"ENST00000435456,C"
PAIP1,P0011_D05,N,ENST00000436644,"ENST00000436644,N"
VPS8,P0021_A09,C,ENST00000436792,"ENST00000436792,C"
HMGB2,P0019_F11,N,ENST00000438704,"ENST00000438704,N"
PSMG4,P0006_D07,N,ENST00000438998,"ENST00000438998,N"
ULK3,P0014_H03,N,ENST00000440863,"ENST00000440863,N"
MARK3,P0014_A03,N,ENST00000440884,"ENST00000440884,N"
POLR2F,P0010_E05,N,ENST00000442738,"ENST00000442738,N"
HNRNPH1,P0019_E06,N,ENST00000442819,"ENST00000442819,N"
RPS6KB1,P0014_E04,C,ENST00000443572,"ENST00000443572,C"
FXR1,P0016_B04,N,ENST00000445140,"ENST00000445140,N"
GDI1,P0004_H05,C,ENST00000447750,"ENST00000447750,C"
FDPS,P0004_A08,C,ENST00000447866,"ENST00000447866,C"
SMARCD2,P0018_H06,N,ENST00000448276,"ENST00000448276,N"
CLCN7,P0018_F06,C,ENST00000448525,"ENST00000448525,C"
BRD2,P0013_B01,N,ENST00000449085,"ENST00000449085,N"
U2AF2,P0019_E08,C,ENST00000450554,"ENST00000450554,C"
CYP51A1,P0004_B02,C,ENST00000450723,"ENST00000450723,C"
DNM1L,P0016_E01,N,ENST00000452533,"ENST00000452533,N"
KLC1,P0017_C05,N,ENST00000452929,"ENST00000452929,N"
POLR2H,P0010_E07,C,ENST00000452961,"ENST00000452961,C"
ARL6IP4,P0008_D05,C,ENST00000453766,"ENST00000453766,C"
MECP2,P0016_A05,C,ENST00000453960,"ENST00000453960,C"
DOCK7,P0009_B07,N,ENST00000454575,"ENST00000454575,N"
SEPTIN5,P0010_H03,C,ENST00000455784,"ENST00000455784,C"
OST4,P0007_A09,C,ENST00000456793,"ENST00000456793,C"
DNAJC7,P0005_C12,N,ENST00000457167,"ENST00000457167,N"
PSMD11,P0006_C05,N,ENST00000457654,"ENST00000457654,N"
RBBP4,P0021_F03,C,ENST00000458695,"ENST00000458695,C"
CDS2,P0004_G03,N,ENST00000460006,"ENST00000460006,N"
ARL6,P0008_D02,C,ENST00000463745,"ENST00000463745,C"
DNAJC24,P0005_C06,N,ENST00000465995,"ENST00000465995,N"
SRPRB,P0018_A09,C,ENST00000466490,"ENST00000466490,C"
AGAP3,P0010_A03,N,ENST00000473312,"ENST00000473312,N"
COMMD2,P0007_H07,C,ENST00000473414,"ENST00000473414,C"
U2SURP,P0019_H02,N,ENST00000473835,"ENST00000473835,N"
ALG2,P0011_C01,C,ENST00000476832,"ENST00000476832,C"
PPP2CA,P0007_D02,C,ENST00000481195,"ENST00000481195,C"
NVL,P0012_F09,C,ENST00000482491,"ENST00000482491,C"
SH3GLB1,P0010_B10,C,ENST00000482504,"ENST00000482504,C"
MCM10,P0021_B10,N,ENST00000484800,"ENST00000484800,N"
CDK5,P0013_C06,C,ENST00000485972,"ENST00000485972,C"
RAB6B,P0001_G03,N,ENST00000486858,"ENST00000486858,N"
IPO5,P0016_E10,N,ENST00000490680,"ENST00000490680,N"
UBA5,P0021_A07,C,ENST00000494238,"ENST00000494238,C"
DBNL,P0008_F02,C,ENST00000494774,"ENST00000494774,C"
EBP,P0004_B07,C,ENST00000495186,"ENST00000495186,C"
RRP1,P0003_B10,N,ENST00000497547,"ENST00000497547,N"
CNBP,P0019_F09,N,ENST00000502976,"ENST00000502976,N"
CCT5,P0007_C10,C,ENST00000503026,"ENST00000503026,C"
TNPO1,P0016_G08,N,ENST00000506351,"ENST00000506351,N"
CEP192,P0007_C04,C,ENST00000506447,"ENST00000506447,C"
APC,P0010_D01,C,ENST00000508376,"ENST00000508376,C"
HSPA4L,P0005_D12,C,ENST00000508776,"ENST00000508776,C"
ATG12,P0021_C05,N,ENST00000509910,"ENST00000509910,N"
RACK1,P0013_E04,C,ENST00000512805,"ENST00000512805,C"
PTDSS1,P0004_G07,N,ENST00000517309,"ENST00000517309,N"
ATP6V0E1,P0018_E06,N,ENST00000519374,"ENST00000519374,N"
IKBKB,P0013_F06,C,ENST00000520810,"ENST00000520810,C"
INTS9,P0011_B02,C,ENST00000521022,"ENST00000521022,C"
PTK2,P0014_D03,N,ENST00000521059,"ENST00000521059,N"
PIK3R1,P0009_D06,N,ENST00000521381,"ENST00000521381,N"
ENY2,P0021_B08,N,ENST00000521662,"ENST00000521662,N"
CASP3,P0019_B08,C,ENST00000523916,"ENST00000523916,C"
ATG13,P0021_C06,N,ENST00000524625,"ENST00000524625,N"
ARFGAP2,P0010_A10,C,ENST00000524782,"ENST00000524782,C"
EIF3M,P0019_E07,C,ENST00000524896,"ENST00000524896,C"
SLC35F2,P0015_C11,C,ENST00000525815,"ENST00000525815,C"
RBM25,P0017_G04,N,ENST00000527432,"ENST00000527432,N"
FAU,P0011_H08,C,ENST00000527548,"ENST00000527548,C"
CLNS1A,P0011_G11,N,ENST00000528364,"ENST00000528364,N"
TOR1AIP1,P0016_D09,N,ENST00000528443,"ENST00000528443,N"
HSF1,P0005_D03,C,ENST00000528838,"ENST00000528838,C"
STT3A,P0007_A05,N,ENST00000529196,"ENST00000529196,N"
RAB2A,P0001_F04,N,ENST00000531289,"ENST00000531289,N"
CTBP2,P0016_D02,N,ENST00000531469,"ENST00000531469,N"
ATXN3,P0018_H09,N,ENST00000532032,"ENST00000532032,N"
PSMD13,P0006_C03,N,ENST00000532097,"ENST00000532097,N"
PICALM,P0008_G11,C,ENST00000532317,"ENST00000532317,C"
AMBRA1,P0021_F06,N,ENST00000534300,"ENST00000534300,N"
CLIP1,P0009_F10,N,ENST00000537178,"ENST00000537178,N"
PSMD9,P0006_C12,N,ENST00000537407,"ENST00000537407,N"
RABEP1,P0001_G08,N,ENST00000537505,"ENST00000537505,N"
BCAR1,P0008_E01,N,ENST00000538440,"ENST00000538440,N"
NUP107,P0019_C05,N,ENST00000539906,"ENST00000539906,N"
RBM7,P0017_H05,C,ENST00000540163,"ENST00000540163,C"
KPNB1,P0016_F08,C,ENST00000540627,"ENST00000540627,C"
CLASP1,P0016_A08,N,ENST00000541377,"ENST00000541377,N"
ARF3,P0010_A06,C,ENST00000541959,"ENST00000541959,C"
SLC1A5,P0015_A10,C,ENST00000542575,"ENST00000542575,C"
CEPT1,P0004_G04,N,ENST00000545121,"ENST00000545121,N"
TJP1,P0010_H04,N,ENST00000545208,"ENST00000545208,N"
HLA-A,P0001_D05,C,ENST00000547271,"ENST00000547271,C"
MYL6,P0017_C11,N,ENST00000547649,"ENST00000547649,N"
DCTN2,P0019_H09,C,ENST00000548249,"ENST00000548249,C"
COPZ1,P0003_G04,C,ENST00000549043,"ENST00000549043,C"
MYL6B,P0017_C12,N,ENST00000550443,"ENST00000550443,N"
RAB5B,P0001_G02,N,ENST00000553116,"ENST00000553116,N"
HNRNPC,P0021_E08,N,ENST00000553300,"ENST00000553300,N"
SYNE3,P0016_E04,N,ENST00000553340,"ENST00000553340,N"
C14orf119,P0001_A06,N,ENST00000554203,"ENST00000554203,N"
TMPO,P0016_D05,C,ENST00000556029,"ENST00000556029,C"
EIF5,P0019_F10,N,ENST00000558506,"ENST00000558506,N"
SNX1,P0010_C06,N,ENST00000559844,"ENST00000559844,N"
RBM15B,P0017_F10,N,ENST00000563281,"ENST00000563281,N"
GSPT1,P0019_H03,N,ENST00000563468,"ENST00000563468,N"
ZNF598,P0021_D10,N,ENST00000563630,"ENST00000563630,N"
POLR3E,P0010_F05,C,ENST00000564209,"ENST00000564209,C"
RPL13,P0019_E04,C,ENST00000567815,"ENST00000567815,C"
NUTF2,P0016_F09,C,ENST00000569436,"ENST00000569436,C"
BOP1,P0012_C11,C,ENST00000569669,"ENST00000569669,C"
RSL1D1,P0012_B06,C,ENST00000571133,"ENST00000571133,C"
YWHAE,P0008_A03,C,ENST00000571732,"ENST00000571732,C"
POLR2A,P0010_D12,N,ENST00000572844,"ENST00000572844,N"
ACTG1,P0013_E07,N,ENST00000573283,"ENST00000573283,N"
LSM14A,P0019_A03,N,ENST00000575811,"ENST00000575811,N"
ANAPC11,P0007_D07,N,ENST00000579978,"ENST00000579978,N"
DYNLL2,P0017_A10,N,ENST00000579991,"ENST00000579991,N"
AURKB,P0013_A09,N,ENST00000585124,"ENST00000585124,N"
PSMG2,P0006_D09,C,ENST00000585331,"ENST00000585331,C"
SLC16A2,P0015_A06,C,ENST00000587091,"ENST00000587091,C"
C19orf53,P0001_B04,N,ENST00000588234,"ENST00000588234,N"
SNRPD2,P0017_E09,N,ENST00000588301,"ENST00000588301,N"
MFSD11,P0018_C04,C,ENST00000590514,"ENST00000590514,C"
PSME3,P0006_A07,N,ENST00000590720,"ENST00000590720,N"
RuvBL2,P0019_D06,C,ENST00000595090,"ENST00000595090,C"
MYO9B,P0009_D05,N,ENST00000595618,"ENST00000595618,N"
SLC35E1,P0015_C09,C,ENST00000595753,"ENST00000595753,C"
EMG1,P0012_F06,N,ENST00000599672,"ENST00000599672,N"
DDOST,P0007_A04,C,ENST00000602624,"ENST00000602624,C"
RER1,P0011_C12,N,ENST00000605895,"ENST00000605895,N"
PSMC6,P0006_C10,N,ENST00000606149,"ENST00000606149,N"
FKBP8,P0019_A12,N,ENST00000608443,"ENST00000608443,N"
RPAP2,P0011_G07,N,ENST00000610020,"ENST00000610020,N"
NSA2,P0011_D03,N,ENST00000610426,"ENST00000610426,N"
C18orf21,P0001_A10,N,ENST00000610527,"ENST00000610527,N"
MED22,P0007_G03,N,ENST00000610888,"ENST00000610888,N"
MIS12,P0008_A09,C,ENST00000611091,"ENST00000611091,C"
ARL8B,P0008_C12,C,ENST00000611208,"ENST00000611208,C"
GPAT3,P0004_E08,C,ENST00000611707,"ENST00000611707,C"
ABR,P0009_E03,N,ENST00000612118,"ENST00000612118,N"
C8orf59,P0001_C04,N,ENST00000612809,"ENST00000612809,N"
SLC46A1,P0015_F12,C,ENST00000612814,"ENST00000612814,C"
MYO19,P0017_D01,N,ENST00000614623,"ENST00000614623,N"
POLR2E,P0010_E04,N,ENST00000615234,"ENST00000615234,N"
PSME2,P0006_D03,N,ENST00000615264,"ENST00000615264,N"
CDK7,P0013_C07,C,ENST00000615305,"ENST00000615305,C"
MYO6,P0017_D04,N,ENST00000615563,"ENST00000615563,N"
MED29,P0007_G06,N,ENST00000615911,"ENST00000615911,N"
RAD17,P0021_C01,N,ENST00000616683,"ENST00000616683,N"
ORAI1,P0004_G12,N,ENST00000617316,"ENST00000617316,N"
RBM15,P0017_F09,C,ENST00000618772,"ENST00000618772,C"
WASF2,P0008_H06,N,ENST00000618852,"ENST00000618852,N"
SMARCB1,P0018_H02,C,ENST00000618915,"ENST00000618915,C"
RAB9A,P0001_G06,N,ENST00000618931,"ENST00000618931,N"
PIP5K2B,P0006_G02,C,ENST00000619039,"ENST00000619039,C"
AATF,P0012_E09,N,ENST00000619387,"ENST00000619387,N"
PSMB3,P0006_A06,C,ENST00000619426,"ENST00000619426,C"
PSMC3,P0006_A10,N,ENST00000619920,"ENST00000619920,N"
FTH1,P0021_D04,N,ENST00000620041,"ENST00000620041,N"
DDX6,P0019_A02,C,ENST00000620157,"ENST00000620157,C"
NUMA1,P0012_G02,N,ENST00000620566,"ENST00000620566,N"
G6PD,P0011_D10,N,ENST00000621232,"ENST00000621232,N"
ANAPC16,P0007_D10,N,ENST00000621663,"ENST00000621663,N"
AP2B1,P0021_E12,C,ENST00000621914,"ENST00000621914,C"
SCAMP1,P0005_G07,N,ENST00000621999,"ENST00000621999,N"
DNM1,P0008_F03,C,ENST00000627543,"ENST00000627543,C"
ATP6AP2,P0018_E02,C,ENST00000636580,"ENST00000636580,C"
ARID1B,P0018_G07,N,ENST00000636930,"ENST00000636930,N"
CANX,P0006_F07,C,ENST00000638706,"ENST00000638706,C"
STIM2,P0016_C05,C,ENST00000639640,"ENST00000639640,C"
HNRNPU,P0021_E11,C,ENST00000640218,"ENST00000640218,C"
PHGDH,P0011_A06,C,ENST00000641023,"ENST00000641023,C"
GSTP1,P0011_A04,C,ENST00000642444,"ENST00000642444,C"
SLC37A4,P0015_D03,C,ENST00000642844,"ENST00000642844,C"
SRP72,P0018_A07,N,ENST00000642900,"ENST00000642900,N"
SLC33A1,P0015_B12,C,ENST00000643144,"ENST00000643144,C"
TCOF1,P0012_D04,N,ENST00000643257,"ENST00000643257,N"
PGK1,P0019_E09,C,ENST00000644362,"ENST00000644362,C"
SMARCE1,P0018_H08,N,ENST00000644701,"ENST00000644701,N"
COL4A3BP,P0001_D03,C,ENST00000645483,"ENST00000645483,C"
RPS6KA3,P0014_D12,N,ENST00000645845,"ENST00000645845,N"
SMARCA4,P0018_G10,N,ENST00000647230,"ENST00000647230,N"
